#		
# Indigenous NT 1.0 generated from template.		
#		
# This is an example tab-separated wordlist file that can be edited in a spreadsheet		
# program or regenerated from a wordlist tool. See lexical model documentation at 		
# https://help.keyman.com/developer/ for tools.		
#		
# Columns		
# =======		
# WORD	FREQUENCY	(Optional)NOTES
#		
# word	count
dené	327
betʼá	221
kuę́	193
dene	191
tʼá	126
ɂerehtłʼı́s	119
beyé	104
ɂası́	101
ha	99
dëné	90
kʼe	88
dechën	81
kún	75
sekuı	73
łue	70
tʼası́e	68
tsʼı	68
ɂeya	60
tsʼë́n	60
kʼé	60
tʼa	59
bekʼe	59
tłes	58
tsambá	58
nezǫ	52
dáda	52
bë́r	52
beghą	52
yú	49
ghą	48
nı́	47
ɂı̨łághe	44
tu	42
tthʼáy	42
nedhé	42
kʼáldhër	41
yałtı	40
tthe	40
thela	39
hónełtën	39
dzıné	38
łı̨	37
ku	37
yath	36
kıl	36
tsʼı̨	34
tué	32
ɂı	31
satsán	31
sa	31
dúe	31
nı̨łtsʼı	30
ɂeghálana	29
kën	29
tsʼékuı	28
tthé	27
sekwı	26
lıdı́	26
xa	25
nı	25
kʼélnı́	25
zá	24
ttu	24
theda	24
shétsʼelyı	24
kų́e	24
ke	24
gu	24
dzı̨	24
ɂełtthʼı	23
yé	23
satsáné	23
betsʼı̨	23
ɂedlı́nı	22
sı́	22
nu	22
dël	22
cho	22
yághe	21
yałkı	21
kʼoth	21
hél	21
des	21
denéyu	21
dechen	21
chogh	21
tsą́	20
shéth	20
satsánaze	20
nánı́	20
delzën	20
ɂá	19
łéstʼéth	19
yatı	19
tʼáncháy	19
tsʼénı	19
thetʼe	19
náı́dı́	19
látʼı̨	19
kʼı	19
gh	19
delkʼos	19
delgaı	19
ɂane	18
sas	18
hałé	18
denéyuaze	18
denéghú	18
bethchëné	18
ɂı́le	17
ɂełkʼéchʼa	17
ɂeghálada	17
yakı	17
tsës	17
la	17
ké	17
dzırétʼay	17
chu	17
betthı́	17
ɂı̨yes	16
ɂeyı	16
ɂajá	16
yı́zı̨	16
tʼodhé	16
tsá	16
lıbá	16
húle	16
hełtsı	16
dé	16
beyághe	16
ɂedlánéltʼe	15
ɂedlághe	15
ɂasıe	15
tłës	15
thá	15
naké	15
káłtʼéth	15
hekën	15
ɂełdzı	14
ɂetthë́n	14
łóna	14
yattı	14
tʼés	14
tsʼë́r	14
shën	14
kʼórelyą	14
kuwé	14
jéth	14
hųlı̨	14
degáy	14
dáchën	14
datłagh	14
chʼá	14
bą́lay	14
ɂenéłką	13
ɂejëre	13
ɂeghą́	13
ɂedza	13
łés	13
łą	13
theɂą	13
sádhër	13
nué	13
në́n	13
neshe	13
nedáth	13
nechá	13
nánéłką	13
náda	13
nałchéth	13
kʼánı́	13
kʼabı̨́	13
kılı	13
kúe	13
jı́	13
ją	13
duéle-u	13
denı́e	13
denı́	13
de	13
beschëné	13
ɂenékuı	12
ɂeghés	12
yúé	12
xál	12
tłʼul	12
tsʼékwı	12
tsʼékuaze	12
thetı̨	12
sǫlághe	12
shékı̨	12
néné	12
nenéth	12
nátsër	12
kı̨dá	12
hezıl	12
hetsagh	12
hena	12
háɂą	12
hałnı	12
ɂı̨łá	11
ɂerehtłʼı́sjëncho	11
ttedhe	11
tsı̨́dhër	11
tsıl	11
tsąba	11
satsánke	11
nélɂą	11
nedúe	11
náłtsı́	11
nánıdhër	11
náke	11
naghé	11
kʼá	11
kanızı̨	11
jı́e	11
hátʼe	11
hanı	11
dzeretʼáy	11
chą	11
beyaghe	11
bekʼé	11
beba	11
ba	11
ɂı̨́le	10
ɂę́	10
ɂełkʼı́dhe	10
ɂeghá	10
ɂedlą́ghe	10
łuscho	10
yu	10
yeh	10
yá	10
yałttı	10
tʼatʼú	10
tthı́	10
tsʼén	10
tsʼéltʼu	10
tsʼertʼay	10
tsąmbá	10
seskéne	10
náı́dı́e	10
lıshéf	10
hı̨ltʼe	10
hı́lghas	10
hı́lchu	10
ghayé	10
dı̨	10
dırı	10
dzól	10
dezé	10
denı́dhë́th	10
denétthʼı	10
denétthı́ghá	10
denébë́r	10
dechëntél	10
bénatʼı̨	10
bedı̨	10
ɂı̨łtsʼus	9
ɂełchʼá	9
ɂekéná	9
ɂą́zı̨́	9
ɂąldel	9
ɂazé	9
ɂatʼe	9
ɂaté	9
ɂa	9
łı̨cho	9
łekën	9
yaghe	9
xá	9
tłʼáɂı	9
tsʼą́kuı	9
tsʼá	9
tsánkʼë́n	9
theyı̨	9
thaı	9
są	9
nı́ɂą	9
netʼı̨	9
neljër	9
neba	9
nádé	9
kʼı́nı	9
kʼódhı	9
kʼádhı	9
kʼanı́	9
kʼaldher	9
kun	9
kaʼldhër	9
hútʼúı	9
hadı	9
dhédh	9
deyér	9
denı̨tsʼı	9
denénı́	9
deneyu	9
dechę́n	9
datsʼedı́l	9
chené	9
bezı́	9
benı́	9
ɂuneth	8
ɂël	8
ɂełtsʼus	8
ɂerehtłʼı́schën	8
ɂelghël	8
ɂejere	8
ɂejakʼé	8
ɂą́łneth	8
ɂay	8
ɂatʼe-a	8
ɂasıé	8
yeyé	8
yetʼı̨	8
yatı́	8
tʼın	8
tʼası́	8
tłʼuetı̨	8
tłʼogh	8
tthʼı	8
tthʼën	8
tsʼıcho	8
thųth	8
thay	8
shézelyı	8
nı̨	8
nǫ́táh	8
nédhël	8
nátʼath	8
nánı́kʼé	8
náldëth	8
na	8
mársı	8
marı́	8
lı́gafı́	8
lá	8
kʼenáltsıl	8
kı̨lu	8
kuę́tʼıné	8
kuę	8
kué	8
kekë́lke	8
húlı́	8
hurésɂı̨	8
hełdo	8
hatłʼéstʼúr	8
hane	8
hadeth	8
ghálada	8
dzıne	8
dzolé	8
dzé	8
duwé	8
dédlıné	8
denéxare	8
denétthʼë́n	8
denétthë́n	8
denédhá	8
delttho	8
dekoth	8
betthʼëné	8
betsʼı̨-u	8
bescho	8
bes	8
bekʼóreją	8
ɂıh	7
ɂuneshe	7
ɂełdzás	7
ɂeyun	7
ɂerıhtłʼı́s	7
ɂeghézé	7
ɂedlı̨́zı̨́	7
ɂedlátʼu	7
ɂarelyų́	7
łı́dlı̨	7
łesbá	7
za	7
yuwé	7
yuthı̨zı̨	7
yedą	7
yathlu	7
ya	7
tʼıné	7
tłʼulé	7
tłʼazı̨́	7
tıl	7
túé	7
tthęł	7
tthęl	7
ttá	7
tsʼıaze	7
thekı̨	7
sı	7
seyaze	7
setsʼénı	7
seba	7
sąkʼı́e	7
saı̨ɂá	7
nılı̨	7
nékʼáth	7
nezǫ́le	7
neth	7
nátser	7
nályé	7
náltłaı́le	7
nádhër	7
nazı̨	7
natthe	7
nade	7
mą	7
lasué	7
lagés	7
kʼı́zı̨́	7
kaché	7
hı̨́łtsʼë́n	7
hı̨łjër	7
hų́tʼúı	7
hųzǫ	7
húdza	7
hurélyą	7
hełtsʼaı	7
hesłı̨	7
hejën	7
harelyų́	7
dızı̨́	7
dzı̨kʼë́r	7
déhtłʼës	7
detʼáth	7
denı́yané	7
denézı́	7
denédzıé	7
del	7
dekën	7
deką	7
chʼër	7
chı́ze	7
búrenı́le	7
bér	7
beyá	7
betʼóréɂáı́le	7
betʼa	7
bethchënaze	7
beschené	7
belá	7
beké	7
ɂı̨ghol	6
ɂı̨	6
ɂunełshé	6
ɂełkʼı́thcho	6
ɂełkʼéchʼarátʼı̨	6
ɂełddháy	6
ɂeł	6
ɂezus	6
ɂeyune	6
ɂeyer	6
ɂerethłʼı́s	6
ɂené	6
ɂejëré	6
ɂejëretthʼú	6
ɂejëredhë́th	6
ɂedé	6
ɂą́	6
ɂası́e	6
łukʼé	6
łër	6
łenı	6
łą́ı̨dhër	6
łá	6
yunı́zı̨	6
yué	6
yekʼórelyą	6
yáhtǫ	6
yaılyúl	6
xel	6
xaye	6
tʼodhe	6
tʼasıé	6
tłʼıs	6
tłʼuekı̨	6
tłʼáıtʼár	6
tłestʼothké	6
tłesdóghé	6
tú	6
ttúé	6
tthęłkár	6
tthaı	6
tta	6
tsʼı́	6
tsʼıkár	6
tsʼéthı̨	6
tsádhë́th	6
thı̨da	6
thıłkʼéth	6
thı	6
thatʼı́n	6
thatı̨l	6
taghe	6
ta	6
súga	6
sǫlá	6
sekuaze	6
seká	6
sehų́le	6
se	6
sayeze	6
satsʼedé	6
satsan	6
sanázedé	6
nı́ya	6
nıdhá	6
nezų	6
nezǫ-u	6
nené	6
nedhı́le	6
násthër	6
nánısthër	6
nálzé	6
náltthʼër	6
náduth	6
nádher	6
natʼath	6
najı́	6
lı̨	6
lı́barı́	6
luzé	6
lą	6
lamés	6
ladlı́	6
kʼı́lye	6
kʼétłʼá	6
kʼenáłtsıl	6
kʼáı́	6
kʼásba	6
kı́le	6
kúntué	6
kukıl	6
káth	6
ká	6
kath	6
ka	6
jıs	6
hı̨́łthų	6
hı̨lé	6
hı́łchu	6
hųyą́	6
húya	6
hútʼa	6
húlye	6
hurı̨́lɂı̨-u	6
hurétthʼą	6
hurékʼë́n	6
hurelyų́	6
hézelchëth	6
hetʼéth	6
hetʼar	6
hetsʼı́	6
hekel	6
hedą	6
háyorı̨la	6
hatʼı̨	6
hatłʼés	6
hakʼëth	6
gëné	6
dzı̨kʼe	6
dzën	6
dzeretłʼes	6
dzereta	6
detłʼogh	6
denéyı́	6
denétthı́	6
denétsʼë́zé	6
denétsı̨	6
denénaghé	6
dejúle	6
dedhay	6
chú	6
chuzé	6
cheth	6
bı̨́ł	6
bél	6
beyaze	6
betthʼı	6
beká	6
bejër	6
bejáth	6
bebı́	6
bąth	6
basthı	6
ɂı̨tsólé	5
ɂı̨tsól	5
ɂıntsól	5
ɂełı́ltʼus	5
ɂełxál	5
ɂełtthʼı́le	5
ɂełkʼı́thchodhë́th	5
ɂełkʼı́dhaze	5
ɂetthë́ntthë́n	5
ɂeténá	5
ɂeretłʼı́s	5
ɂeneɂı̨́	5
ɂelttalı	5
ɂelel	5
ɂedunechaghe	5
ɂedlárı̨́łtı́-a	5
ɂedlánetʼe-a	5
ɂedhë́th	5
ɂechuzé	5
ɂázı̨́	5
ɂałǫ́	5
ɂała	5
ɂaı̨́le	5
ɂaxą	5
ɂası	5
ɂamá	5
łı̨chonı	5
łútsëlkʼé	5
łus	5
łur	5
łuetsʼeldél	5
łǫ́ką	5
łéstéltʼúr	5
łą́	5
zané	5
yuthı̨dzı̨́	5
yudaghé	5
yełtsı	5
yené	5
yeghą	5
yattı́	5
tʼsén	5
tʼázëlda	5
tʼatthere	5
tłʼıstthóghe	5
tłʼıstthó	5
tłʼolá	5
tłestʼodhé	5
tue	5
tthay	5
tsʼı̨naké	5
tsʼıchogh	5
tsʼıbál	5
tsʼu	5
tsʼël	5
tsʼéré	5
tsʼeɂël	5
tsʼeda	5
tsą	5
tsamba	5
thıda	5
thatsë́l	5
tęłtsá	5
tabı̨́l	5
sǫládhel	5
shéredlı	5
sheth	5
séle	5
setsʼı̨	5
setsı́e	5
sekuę́	5
sehúłe	5
seghą	5
sedené	5
sáná	5
saze	5
sadzıé	5
nı́akʼe	5
nızı̨	5
nuwe	5
nunı	5
nékʼath	5
nezų́le	5
neneth	5
nelá	5
neghël	5
ną	5
nátʼą	5
náregháth	5
náltła	5
natʼı́	5
nasja	5
nas	5
nakʼakʼa	5
nagoth	5
lasúé	5
lalén	5
lajıs	5
kʼélnı	5
kųkʼé	5
kúnaze	5
kézál	5
kálé	5
jı́kʼos	5
jıé	5
húdhër	5
hułká	5
hunełɂı̨	5
hulchʼó	5
héłghëth	5
héya	5
hełkë́r	5
hegha	5
háldeth	5
hanıdhën	5
guıtar	5
gugúsh	5
gah	5
dı̨́łkʼą	5
dzı̨́dıs	5
dzı̨né	5
dzézegı	5
dzézebı	5
dunecha	5
dhúlé	5
dëne	5
déya	5
denı́nu	5
denı	5
denéłé	5
delzen	5
dejúldhë́th	5
dechënaze	5
dazedı́l	5
chʼanı	5
chëne	5
ché	5
chelá	5
betłʼaghe	5
betsʼı̨́le	5
betóré	5
bethchë́ncho	5
bethchë́n	5
bethchën	5
beskʼá	5
benıé	5
begha	5
bedhá	5
ɂı́dı́	4
ɂunı́	4
ɂunenı́	4
ɂétthʼılé	4
ɂełxël	4
ɂełxáı́th	4
ɂełtʼaı́tʼa	4
ɂełtsʼë́n	4
ɂełkʼı́th	4
ɂełkʼélye	4
ɂełetsʼeltsʼún	4
ɂeła	4
ɂeyún	4
ɂetthërı	4
ɂesátʼı́le	4
ɂene	4
ɂeldhay	4
ɂeldél	4
ɂejëredël	4
ɂegheth	4
ɂegháth	4
ɂegëné	4
ɂedló	4
ɂedhı́r	4
ɂedhál	4
ɂedacho	4
ɂechus	4
ɂą	4
ɂáne	4
ɂatʼe-u	4
ɂattıé	4
ɂanele	4
ɂake	4
łı̨aze	4
łuetthë́n	4
łës	4
łésbaláı́	4
łaısdı̨ona	4
łaısdı̨	4
yúyé	4
yunedhé	4
yǫkʼetı̨́	4
yetʼátʼı̨	4
yetthı́	4
yenéɂı̨	4
yenélı̨́le	4
yenełɂı̨	4
yenerenı́	4
yekʼenadlı̨	4
yátsë́n	4
yálgus	4
yatʼązı	4
yathkakóth	4
yané	4
yalttı	4
xél	4
wé	4
tʼu	4
tʼóth	4
tʼokʼëne	4
tʼoghé	4
tʼeke	4
tʼákë́l	4
tʼanéltʼe	4
tłʼule	4
tłʼo	4
tłʼą́ghe	4
tłʼaghé	4
tłı̨cho	4
tłule	4
tłezé	4
tı̨dá	4
tıle	4
tułı́tʼa	4
ttılı	4
ttulu	4
tthʼı́	4
tthʼızı	4
tthʼeghé	4
tthʼą́deth	4
tthı́ghą	4
tthı́gha	4
tthoghé	4
tthén	4
tthal	4
ttél	4
tteghe	4
tsʼı́ba	4
tsʼúda	4
tsʼés	4
tsʼérédhı	4
tsʼesa	4
tsʼánıdhën	4
tsʼaı̨tʼı	4
tsı	4
tselé	4
tsąkuı	4
tsátʼıné	4
tsátthë́n	4
tsákıl	4
tona	4
thı̨łtsı̨	4
thı̨kél	4
thëth	4
thełchúth	4
thetsen	4
then	4
theką	4
thedá	4
thąkı̨l	4
tha	4
tetłʼó	4
tąłtsı	4
tále	4
tane	4
sunaghe	4
shékı̨-u	4
shéchʼelyı	4
sénale	4
seɂe	4
seyaz	4
setsʼén	4
setsų	4
secháy	4
sátsʼedé	4
sáhedé	4
satsë́l	4
sarı̨́dı̨	4
sanádé	4
sadı́	4
radıo	4
nı̨úłtsı̨nı̨	4
nı̨últsı̨nı̨	4
nı́lye	4
nı́ltthʼër	4
nı́le	4
nołshı	4
në́né	4
nén	4
nélé	4
nełtthıth	4
netʼı̨́	4
netı́	4
netsʼı̨-u	4
netá	4
nekʼëth	4
negáné	4
nedáth-u	4
nechı́le	4
nechá-u	4
nebá	4
ne	4
náłchʼul	4
náı́da	4
nátłezé	4
nátsër-u	4
náskʼëdhe	4
nárı̨dhá	4
náltla	4
nádlógh	4
nádën	4
nádárelyé	4
naıdı́l	4
naıdáı́	4
nayelel	4
nathı	4
narejá	4
nanı	4
naneltłı	4
nalghı̨	4
nagı́dhe	4
nagı́dh	4
lı́gardús	4
lımı́l	4
lás	4
laré	4
kʼızı̨	4
kʼıs	4
kʼozé	4
kʼothchëth	4
kʼokʼën	4
kʼodhé	4
kʼenázëlde	4
kʼenálde	4
kʼájën	4
kų́ę́	4
kúnkué	4
kúlzı̨	4
kúlú	4
këdhe	4
ką	4
káłtʼeth	4
kabą	4
jı́tú	4
jı́gay	4
jı́echás	4
jeth	4
hı̨ɂı̨-u	4
hı́gu	4
hılyulé	4
hųzų́le	4
hųlı̨-u	4
húlı	4
húbıl	4
hunı́dzı̨	4
hunenı́le	4
hǫłnı́	4
horélyą	4
hénóretʼı̨́le	4
hełtʼu	4
hełdzıl	4
heretłʼı́s	4
hereldı̨	4
helı̨	4
heltłı	4
hejı́	4
hehgor	4
hedzé	4
hedeth	4
hátłʼoresche	4
hále	4
hádı́	4
haɂa	4
hatʼé	4
hatʼe	4
hakʼal	4
hakéth	4
hadhël	4
gugúshtthë́n	4
gugush	4
ghóɂą	4
ghá	4
gá	4
dı́tthʼa	4
dzı̨raká	4
dzolghál	4
dzérélyı	4
dzékʼos	4
duaze	4
dlı́e	4
dhıyé	4
dhël	4
dën	4
déłtthʼı	4
dékʼán	4
dełtsúr	4
deyeth	4
detłʼotél	4
detthél	4
detsʼı́	4
detą	4
destsël	4
denı́tthë́n	4
denı́ghátʼá	4
denur	4
denétthʼé	4
denétthı́ghą́	4
denénë́nantsʼúr	4
denélı̨	4
denéké	4
denédhë́th	4
denédë́l	4
denédaghá	4
denéchʼudhé	4
delbes	4
dekʼérı̨́łtłʼıs	4
dekıle	4
dekóth	4
dejúl	4
dedlın	4
dechëne	4
dechënbąth	4
dáı́kën	4
dánı́she	4
dánetʼı̨	4
dáchëné	4
dá	4
datłʼų	4
datsą́jı́	4
daheka	4
dadá	4
chʼądı́	4
chı́zeze	4
chough	4
chëth	4
chën	4
chelekuı	4
chela	4
chátthʼën	4
bęłtthʼú	4
bélzo	4
betsı̨	4
bethchené	4
besudı	4
beschogh	4
beschën	4
beschenéaze	4
berkatʼeth	4
beratta	4
benádhër	4
benada	4
belą	4
bekétsʼë́l	4
beghúledesche	4
begháye	4
begháré	4
beghálada	4
beghayé	4
beghalbıle	4
bedzıné	4
bedá	4
bedaghe	4
bebár	4
bą́tthʼa	4
batłʼulé	4
badhı	4
ɂʼestunetʼı́né	3
ɂı̨yeze	3
ɂı̨yezaze	3
ɂı̨tsʼı́zakʼadhe	3
ɂılé	3
ɂurádzı	3
ɂunétsʼén	3
ɂohnı̨	3
ɂełnatsʼeldél	3
ɂełkʼér	3
ɂełkʼédı̨	3
ɂełkʼéchʼadı	3
ɂełghárúlta	3
ɂełghárélye	3
ɂełéłtʼe	3
ɂełénatsʼedı́l	3
ɂeyıtłʼą́ghe	3
ɂeyą́	3
ɂeya-u	3
ɂetı́	3
ɂetáłtı	3
ɂesástʼı́le	3
ɂerıtłʼıs	3
ɂerıhtłı́s	3
ɂenélką	3
ɂeldhúr	3
ɂejëretthʼué	3
ɂeghątsë́nle	3
ɂedı́kúné	3
ɂedzë́rełkı	3
ɂedlá	3
ɂedenı́	3
ɂede	3
ɂechʼëre	3
ɂáné	3
ɂayı̨la	3
ɂaxelı̨	3
ɂatʼı̨	3
ɂatthe	3
ɂanáhadher	3
ɂaké	3
ɂakena	3
ɂakehená	3
ɂabá	3
łı̨chą	3
łıcho	3
łı	3
łuełbes	3
łuetʼéth	3
łuetłʼés	3
łuetthʼené	3
łuegóth	3
łueghú	3
łueché	3
łuebë́r	3
łuaze	3
łónona	3
łéz	3
łéstéth	3
łerıtłʼı́s	3
ılé	3
zútʼı̨	3
yı́zı	3
yúłdzay	3
yútʼár	3
yúnıłkʼë́th	3
yúkʼetʼa	3
yúchʼelé	3
yúaze	3
yułtágh	3
yułkʼéth	3
yuyaghé	3
yutthę́	3
yunáskʼëdhe	3
yunághé	3
yukon	3
yéłna	3
yéłką	3
yétthʼeredı́	3
yetʼá	3
yereldı̨	3
yekʼenádho	3
yąı̨zús	3
yázelgus	3
yałtı-u	3
yałkıká	3
yaı̨zús	3
yazaze	3
yatʼáré	3
yatʼa	3
yatıé	3
yattıé	3
yathtsël	3
yaghé	3
xą́tłʼúl	3
xáré	3
xay	3
xal	3
walé	3
tʼus	3
tʼsu	3
tʼólásı́	3
tʼokʼan	3
tʼo	3
tʼą́łdëth	3
tʼáncháytsʼë́l	3
tʼáncháycho	3
tʼákálé	3
tʼasą́	3
tʼalkë́th	3
tʼalaze	3
tłʼı́s	3
tłʼotsë́n	3
tłʼaghe	3
tłoʼtsʼı	3
tłeze	3
tłestʼoth	3
tılı	3
tv	3
ttılıaze	3
ttudhel	3
tthʼı́u	3
tthʼıú	3
tthʼë́n	3
tthʼëlchë́n	3
tthʼáı́	3
tthı́ɂël	3
tthıtʼaghé	3
tthı	3
tthegére	3
tthebacha	3
ttheba	3
ttéł	3
ttaghe	3
tsʼı̨́	3
tsʼųnını́	3
tsʼus	3
tsʼële	3
tsʼéltwı́	3
tsʼezıl	3
tsʼeré	3
tsʼelel	3
tsʼeldél	3
tsʼekı̨	3
tsʼejı́	3
tsʼąkánıyé	3
tsʼáı	3
tsʼayáłkı	3
tsılkár	3
tsıldháyaze	3
tsıaze	3
tselɂı̨	3
tsele	3
tsą́dële	3
tsánethdhë́th	3
thı̨lú-a	3
thı́letʼú	3
thoghé	3
theła	3
thetą	3
thekalıka	3
thebes	3
tháydené	3
tháhuredı	3
thaı́	3
thatı̨lé	3
thal	3
tędhul	3
tedhe	3
tánéltʼu	3
tası́e	3
tabı́l	3
sıne	3
súlye	3
súdı	3
suhúłe	3
sǫlóna	3
sorelnı	3
shézettı̨	3
shézettı	3
shétı̨	3
shéskı̨	3
shetsʼsélyı	3
shás	3
séłtʼo	3
sérı̨thën	3
setthı́	3
setsʼáné	3
setsǫ	3
setsoné	3
senı́lye	3
senéyeréntʼá	3
senayılé	3
sekuıdhë́th	3
seghe	3
sątsą́né	3
sátsʼede	3
sáną́	3
satsánéaze	3
sare	3
sanádhı	3
réltthı	3
or	3
nı̨́ayághe	3
nı̨tłʼë́r	3
nı̨ką	3
nıłtthıth	3
nıtłʼër	3
nırı́ldeth	3
núzelɂı̨	3
nułshı	3
nuwetsʼı̨	3
nuwetsʼédı	3
nugëlé	3
nǫ́tsené	3
nórelɂën	3
nogëlé	3
nęzǫ	3
néyą	3
néthler	3
néhda	3
nédler	3
nełɂı̨	3
nełkën-u	3
nełką	3
nezohılé	3
neyúl	3
netłʼéth	3
netsʼı̨	3
nenı́	3
nenı	3
negal	3
nedue	3
nedádhı́le	3
nąı́zás	3
náɂá	3
náłkı	3
náı̨lı̨cho	3
náı̨kár	3
náı́łna	3
náı́sda	3
náı́dı́słını	3
náyełnı́	3
náyełchʼul	3
náyetʼáth	3
náyatı	3
nátsërle	3
nátanı̨łxés	3
nása	3
nánı́zekʼadhe	3
náltthʼır	3
náltsı́	3
nákën	3
náhtʼath	3
nágáth	3
naıdı	3
natʼı̨́le	3
natʼı̨chóle	3
natłʼı́r	3
nattʼı	3
natsʼettı́	3
natáth	3
nasuwé	3
naskʼë́dhe	3
nareltthʼel	3
name	3
nagodhekı̨l	3
naghe	3
nagás	3
nadıl	3
nadzus	3
nadluth	3
nadlogh	3
nadlár	3
nadé	3
nadezı̨́	3
nadere	3
lı́barlá	3
luré	3
lą́	3
látʼe	3
ládenıldhën	3
latʼı̨́	3
latʼé	3
ladı́	3
kʼı̨́jı́	3
kʼórełɂa	3
kʼozelchëth	3
kʼorelyą	3
kʼédı̨	3
kʼezeldélkʼozé	3
kʼetʼéth	3
kʼetłʼá	3
kʼetthélchʼul	3
kʼásbacho	3
kʼayałkı	3
kʼasba	3
kʼanı	3
kʼabı̨́dëné	3
kʼa	3
kı̨	3
kı	3
kúntsʼı	3
kú	3
kudhélé	3
kubagal	3
kǫ	3
këntsël	3
kël	3
kétłʼagh	3
kezǫ	3
kedlaré	3
kánegha	3
kaɂá	3
katthʼı	3
kadhé	3
jısé	3
jezúsaze	3
já	3
hı̨́łchu	3
hı̨́yı̨́	3
hı̨́ltı̨́	3
hı́łtsʼë́n	3
hılgás	3
hų́lı̨	3
húrenı́le	3
húneka	3
húlɂa	3
hułchı́s	3
hutʼá	3
hutún	3
huréchú	3
hunı́kʼath	3
hunı́dhır	3
hunékʼath	3
huneltten	3
hulé	3
hule	3
hulchʼogh	3
hóneneltën	3
hóneltën	3
horı̨shą	3
horésdlą	3
honejër	3
hétʼath	3
hélatʼın	3
héhjı	3
hełkël	3
heł	3
heyéłnı	3
hetłʼų	3
hetsá	3
hegheth	3
hegën	3
heches	3
hebel	3
háɂá	3
háłtsı	3
háı́yele	3
hátı̨́łaze	3
hása	3
hálı̨	3
hałı̨nı̨	3
haı́le	3
haıle	3
hatłʼǫ	3
hatłághe	3
hanı́chʼaı̨dı́	3
hanı́	3
hanáre	3
halnı	3
hakʼath	3
haketh	3
hadı-a	3
hadhër	3
habadhel	3
gonı	3
ghaládá	3
gha	3
ganı́	3
etthën	3
eharé	3
dı̨ghı̨	3
dı́dzı̨́	3
dzı̨tʼą́zı̨́	3
dzı̨dıze	3
dzı̨dhe	3
dúı́le	3
durı̨	3
dueaze	3
dóghé	3
dódı́	3
dokʼą́	3
dhër	3
dënëdzıé	3
détsʼedı́	3
deyë́r	3
deyër	3
detłʼı́s	3
detłʼo	3
deth	3
desnátʼıné	3
denı̨nı́é	3
denı́jı́	3
denı́dé	3
denéłe	3
denézé	3
denéxar	3
denétthʼën	3
denénë́ntthʼën	3
denélá	3
denékʼeze	3
denéka	3
denéghą́	3
deltur	3
delkʼël	3
delkoth	3
delba	3
dekʼélyé	3
dekʼenátsʼeltsıl	3
degóth	3
deghayerı̨łchuth	3
dedlıné	3
dechéı́n	3
debąth	3
dáɂą	3
dátsʼejën	3
dásorelnı	3
daı̨ɂa	3
datsʼédıl	3
datsą́	3
daltłı	3
dal	3
dakáłjı́	3
dahthetchúth	3
daghósjı́	3
daghaddho	3
dachën	3
da	3
chʼudhé	3
chʼalnı	3
chëthcho	3
cheré	3
bı̨́tʼazı̨	3
búrenı	3
beɂáné	3
bezaze	3
bexél	3
betʼą́zı̨	3
betłʼakʼeze	3
betthʼı́nahulé	3
betsʼël	3
betsʼá	3
betsël	3
beth	3
bestıl	3
beskʼáy	3
beschʼú	3
benkéth	3
benedhe	3
benáskʼëth	3
benánısthër	3
benádheré	3
benalé	3
belzo	3
bekʼı́nı	3
bekʼı́n	3
bekʼóreshąı̨́le	3
bekʼëré	3
bekʼékáı́dzıl	3
bekʼetaneyı	3
bekʼázé	3
bekuę́	3
bekegané	3
bekedhé	3
bekaréłthá	3
bekarédhılé	3
bekarełdhá	3
beghąretłʼı́r	3
beghárekʼąze	3
begëze	3
begáné	3
begá	3
bedzıé	3
bedzaghé	3
bedh	3
bedárı̨́tą	3
beché	3
bebë́r	3
bebáne	3
bą́lchʼą	3
bą́dzajëré	3
bą́dzaghé	3
bą	3
bágol	3
baı̨dhı-u	3
-tsël	3
-cho	3
-aze	3
ɂı̨́be	2
ɂı̨łą́ltʼe	2
ɂı̨łághadhel	2
ɂı̨yestsʼáné	2
ɂı̨yesdá	2
ɂı̨yesché	2
ɂı̨tsʼı́zı	2
ɂı̨tsı̨́s	2
ɂı̨tsóltʼán	2
ɂı̨kʼą́zı̨́	2
ɂı̨ghá	2
ɂı̨dzı̨́aze	2
ɂıtʼár	2
ɂıntsóltʼán	2
ɂıhtłʼá	2
ɂų́le	2
ɂúle	2
ɂúbé	2
ɂutthę́	2
ɂurátthë́n	2
ɂurádzıbı̨́l	2
ɂunejën	2
ɂulday	2
ɂudókʼe	2
ɂrıtłı́s	2
ɂǫnełkun	2
ɂorelyų́	2
ɂoráncháy	2
ɂoneltún	2
ɂëłyeh	2
ɂéłgëth	2
ɂéł	2
ɂétedhë́th	2
ɂełı́tʼa	2
ɂełıltʼus	2
ɂełıgı́th	2
ɂełzus	2
ɂełyerı̨la	2
ɂełurı́ltse	2
ɂełtʼus	2
ɂełtthʼıréɂa	2
ɂełtthʼıle	2
ɂełtta	2
ɂełtsʼıaze	2
ɂełtsʼe	2
ɂełtsʼaı	2
ɂełtónıɂa	2
ɂełnázeltʼı	2
ɂełnátsʼeldél	2
ɂełnáreltʼı	2
ɂełkʼı́thkʼą́	2
ɂełkʼıth	2
ɂełkʼédakaı́	2
ɂełkʼenı́ltʼath	2
ɂełkʼedlı̨	2
ɂełkʼátsʼedhër	2
ɂełkʼás	2
ɂełjaıkʼé	2
ɂełhus	2
ɂełghárúłta	2
ɂełghanátą	2
ɂełéłtʼeı́le	2
ɂełetsʼelghël	2
ɂełerı́lką	2
ɂełekár	2
ɂełegéth	2
ɂełedárél	2
ɂełdzus	2
ɂełdzës	2
ɂełchʼúe	2
ɂełchʼás	2
ɂełchʼayı́le	2
ɂełázı́	2
ɂełánı́lye	2
ɂeyúl	2
ɂeyër	2
ɂeyaúnı̨łé	2
ɂeyasjá	2
ɂeyalı̨	2
ɂeyaghé	2
ɂetthʼé	2
ɂetthı̨́ze	2
ɂetthë́ntthʼën	2
ɂetthë́ngaı	2
ɂetthë́ndhë́th	2
ɂetthë́ncho	2
ɂetténá	2
ɂetsʼë́ze	2
ɂetsʼés	2
ɂetsʼedhúł	2
ɂetsı̨́s	2
ɂetsę̈n	2
ɂeténáłı̨é	2
ɂestunétʼıne	2
ɂestonéɂın	2
ɂesdenı́	2
ɂeretłʼıs	2
ɂerehtłʼı́ze	2
ɂerehtłʼı́sjënkál	2
ɂerehtłʼı́sjën	2
ɂerehtłʼı́sdhë́th	2
ɂerehtłʼı́scho	2
ɂerehtłʼı́schëné	2
ɂerehtłʼı́schëne	2
ɂerehtłʼı́schëndhë́th	2
ɂerehtłʼı́schëncho	2
ɂenı́	2
ɂentuwé	2
ɂenǫ́tʼe	2
ɂenéłdel	2
ɂenelką	2
ɂenáhutʼé	2
ɂená	2
ɂenazeldath	2
ɂenaskʼadhe	2
ɂenal	2
ɂenagádhé	2
ɂelyéł	2
ɂeltáıdhı	2
ɂeljaıkʼé	2
ɂelghątsë́n	2
ɂelghą	2
ɂeldel	2
ɂekʼátʼe	2
ɂekı̨́tʼa	2
ɂekúkʼe	2
ɂekełtthʼër	2
ɂekąn	2
ɂekáłkën	2
ɂekáłgër	2
ɂejëreyané	2
ɂejëretuédes	2
ɂejëretthë́n	2
ɂejërethʼué	2
ɂejëredëlé	2
ɂejëredële	2
ɂeghul	2
ɂeghós	2
ɂeghézudzar	2
ɂeghésbes	2
ɂeghezé	2
ɂeghálaı́da	2
ɂeghádálana	2
ɂeghádalaı́da	2
ɂeghaı	2
ɂegë́n	2
ɂedłá	2
ɂedzuaze	2
ɂedzá	2
ɂedų́	2
ɂedúdı	2
ɂedurelyą́ı̨́le	2
ɂedurelyąı́le	2
ɂedu	2
ɂedorelıę́le	2
ɂedlátʼı	2
ɂedlátʼe-a	2
ɂedlátʼe	2
ɂedlánúlye-a	2
ɂedhë́thchëné	2
ɂedhë́r	2
ɂedhédh	2
ɂedezelqan	2
ɂedá	2
ɂedazúlnı	2
ɂechʼë́ré	2
ɂechʼëré	2
ɂechı̨gháy	2
ɂe	2
ɂą́ya	2
ɂąłthën	2
ɂąłkʼé	2
ɂąze	2
ɂąghe	2
ɂądhı	2
ɂáłeda	2
ɂáłá	2
ɂánáhadhër	2
ɂál	2
ɂałǫ	2
ɂałe	2
ɂaını̨	2
ɂayı̨́la	2
ɂayı́łthën	2
ɂaycho	2
ɂaxenónı́	2
ɂaxenétʼı̨le	2
ɂaxenétʼı̨	2
ɂaxą́tsʼı̨	2
ɂatʼı̨́	2
ɂası́słını	2
ɂarı̨łtı	2
ɂarelyų	2
ɂaneɂa	2
ɂanálther	2
ɂanajá	2
ɂalgáré	2
ɂaleaze	2
ɂal	2
ɂahłe	2
łı̨́	2
łı̨tsʼé	2
łı̨choaze	2
łútʼë́th	2
łú	2
łuzaze	2
łuryı́s	2
łuregú	2
łukıl	2
łuédałkı	2
łué	2
łuezáze	2
łuezánkʼozé	2
łuezantuétʼıné	2
łuezantué	2
łuezané	2
łuetłʼézé	2
łuetłʼatthén	2
łuetthı́	2
łuenë́ntthʼën	2
łuelu	2
łuekʼúntʼéth	2
łuekʼuné	2
łuekʼë́s	2
łuejëré	2
łuegų́dhé	2
łuegháyé	2
łuedól	2
łuedhé	2
łuedá	2
łuecho	2
łuecházé	2
łuechás	2
łuechane	2
łuebes	2
łu	2
łę́sdı̨adhel	2
łétʼa	2
łéstʼéthtʼúr	2
łéstʼáth	2
łer	2
łekʼá	2
łekę̈n	2
łekënle	2
łegós	2
łegéth	2
łegą́ıdher	2
łą́ltʼe	2
łąghé	2
łaısdı̨onona	2
łarı̨́ldhër	2
łah	2
ı́le	2
zęttés	2
zené	2
zen	2
zeldél	2
yı̨́zı̨	2
yı̨́la	2
yı̨łghor	2
yı́s	2
yúyél	2
yúnıɂa	2
yúlé	2
yúldél	2
yúkʼetá	2
yúdze	2
yuɂeth	2
yuɂáné	2
yułhós	2
yutthéjëré	2
yunı̨́ze	2
yunı́gháy	2
yunétsʼë́n	2
yukun	2
yudókʼe	2
yéɂë́l	2
yéɂeth	2
yéłtʼo	2
yéłkʼéth	2
yérédı	2
yénełshą	2
yénatʼa	2
yélgúl	2
yélgos	2
yéldı́l	2
yélaba	2
yełtsı̨́	2
yełkáy	2
yełká	2
yeyénıl	2
yetʼı̨́le	2
yetsʼézıl	2
yesúdı́	2
yerı́tthʼa	2
yerélɂı̨́le	2
yenıdhën	2
yenerenı́le	2
yenáreldath	2
yenáredlı́	2
yenadáneta	2
yeluth	2
yeltsʼún	2
yekʼurıltthʼër	2
yekʼeɂar	2
yekʼenáłtsıl	2
yekʼenáłde	2
yekʼelı̨	2
yekʼe	2
yekałkı	2
yekaréłnı̨́	2
yehcho	2
yeghąnétą	2
yeghąlnı	2
yeghar	2
yedáı́słıne	2
yeba	2
ye-	2
ye	2
yąı̨́łgúl	2
yáłchʼıl	2
yátʼar	2
yátthʼın	2
yátsén	2
yárıltël	2
yárénı	2
yákay	2
yáhtǫaze	2
yáháłther	2
yágole	2
yałtı́le	2
yaı̨bál	2
yatırełɂus	2
yatthıtʼaghé	2
yatsʼël	2
yakʼetʼıné	2
yakʼekı̨	2
yakʼe	2
yaké	2
xı́lyághe	2
xëth	2
xétłʼúl	2
xąude	2
xątʼı̨	2
xą	2
xálye	2
xáhane	2
xaıtʼą́s	2
xayké	2
xaú	2
xatsʼén	2
xanı́daıle	2
xanı	2
xajere	2
xadı	2
watsʼı́	2
verb	2
tʼúzéchʼël	2
tʼúze	2
tʼú	2
tʼsı	2
tʼsa	2
tʼëth	2
tʼéschelátʼıné	2
tʼéschelá	2
tʼeth	2
tʼą́łką	2
tʼą́s	2
tʼą́cháy	2
tʼą́chaı	2
tʼąxą́	2
tʼą	2
tʼáı̨łdath	2
tʼáı́dzë́r	2
tʼázı̨́	2
tʼázı́	2
tʼátsoghéu	2
tʼárı̨ɂa	2
tʼáné	2
tʼálásı́	2
tʼaıłtha	2
tʼaıdzër	2
tʼatʼu	2
tʼatʼe	2
tʼatú	2
tʼatsʼén	2
tʼası́chʼëlé	2
tʼasıe	2
tʼarı̨kı	2
tʼalyą	2
tʼalchúth	2
tʼalásı	2
tʼalası	2
tʼabesłı̨	2
tłʼı́sjën	2
tłʼıstthóbą	2
tłʼulaze	2
tłʼuekı	2
tłʼǫbále	2
tłʼǫbál	2
tłʼotsáné	2
tłʼolágaze	2
tłʼokʼá	2
tłʼogkél	2
tłʼákʼegaze	2
tłʼá	2
tłʼaɂı́	2
tłʼazı	2
tłureze	2
tłulé	2
tłolá	2
tłogh	2
tłéschás	2
tłestsʼı	2
tłeslu	2
tłesgáy	2
tłaghe	2
tı́le	2
tułı́tʼatʼıné	2
tunıɂá	2
tuluré	2
tudhël	2
tucho	2
ttųlu	2
ttúe	2
tthʼı́jaaze	2
tthʼúwé	2
tthʼú	2
tthʼëné	2
tthʼël	2
tthʼené	2
tthʼáytsó	2
tthʼáykë́l	2
tthʼáydhë́th	2
tthʼaı	2
tthı̨dá	2
tthı̨da	2
tthı́tsʼełchëth	2
tthı́ghá	2
tthı́ghaldél	2
tthılés	2
tthıe	2
tthodhé	2
tthęłxeth	2
tthęłchʼúé	2
tthë́naze	2
tthë́n	2
tthële	2
tthénu	2
tthetsı̨́	2
tthetsó	2
tthenu	2
tthel	2
tthekë́l	2
tthegérlar	2
tthedhı	2
tthechë́ncho	2
tthebatthı	2
tthebachatʼıné	2
tthą́lıa	2
tthąłgús	2
tthąttı́lıu	2
ttháı́	2
tthaltsʼáze	2
ttén	2
ttabághę	2
tsʼı̨́kı̨n	2
tsʼı̨dhër	2
tsʼı́é	2
tsʼı́bay	2
tsʼıchʼoé	2
tsʼús	2
tsʼúday	2
tsʼuzaze	2
tsʼusgáy	2
tsʼudhëré	2
tsʼoredı́	2
tsʼę́n	2
tsʼëlé	2
tsʼéłtthʼı	2
tsʼézegı	2
tsʼétthʼël	2
tsʼérelyı	2
tsʼékuıyúé	2
tsʼeɂál	2
tsʼetʼël	2
tsʼer	2
tsʼekel	2
tsʼedı̨	2
tsʼe	2
tsʼą́ı̨dhën	2
tsʼáı́tʼı	2
tsʼáıle	2
tsʼáyenesthën	2
tsʼátı	2
tsʼán	2
tsʼatʼe	2
tsʼatthʼën	2
tsʼasgúl	2
tsʼahtthʼú	2
tsı́kélnı	2
tsıltsël	2
tsóɂaze	2
tsëlɂazé	2
tsël	2
tsén	2
tsą́łxën	2
tsą́łchogh	2
tsą́tthʼáı́	2
tsą́tsı́l	2
tsąmba	2
tsátsıghézé	2
tsátsı	2
tsáretʼáné	2
tsálı̨́	2
tsábı̨́l	2
tonona	2
to	2
tles	2
thʼáy	2
thı̨lú-u	2
thısyéle	2
thılú	2
thógh	2
theɂeth	2
thełkʼéth	2
thezé	2
theyı̨-u	2
thetı̨-u	2
thenı̨	2
thekʼá	2
theghór	2
theda-ú	2
thecháze	2
thechás	2
thąıdhër	2
thąkıl	2
tháı́le	2
tháyúé	2
tháyú	2
thałkʼës	2
thacho	2
të́nëlchuth	2
tëth	2
tën	2
tël	2
tëdhe	2
tezúchaı́	2
tetłʼokë́l	2
tenu	2
tehgu	2
tątsël	2
tąsą́hadı́	2
tądzı́é	2
tądzıé	2
táɂa	2
tábes	2
taunél	2
tatłır	2
tanızı̨́	2
tanızı̨	2
taksı	2
taghadhel	2
tabı̨l	2
sı̨́la	2
sı́n	2
sınıé	2
sų́łıné	2
sų́rıthën	2
súghá	2
súgatthoghé	2
suwénaılé	2
surı̨łtthʼą	2
suhų́le	2
sugá	2
sǫlónona	2
shı̨s	2
shéthlaı́	2
shéthchʼué	2
shénetı̨	2
shethlá	2
shą	2
shásdól	2
sénayı́le	2
sélatʼın	2
sełɂı̨	2
sezı́	2
sezús	2
seyaghe	2
setłʼághé	2
setthʼëné	2
setthıkuı	2
setsʼë́n	2
setsʼenénı́	2
setsʼán	2
setsambá	2
sethené	2
setá	2
seréłtsʼı	2
serézus	2
senı̨́kı̨	2
senúłe	2
senélé	2
senatsʼedé	2
selatthʼalé	2
sela	2
sekʼęte	2
sekʼe	2
sekwı́	2
seghą́łtı̨	2
segáné	2
sedezı́ldhën	2
sedenéyuaze	2
sedekuı	2
sedárułtthʼą	2
sechële	2
sebá	2
se-	2
są́	2
sánedhër	2
sáhedhër	2
sádé	2
sałɂı̨	2
sazede	2
sayez	2
sayes	2
satsʼédé	2
satsë́laze	2
satsąłką	2
satsánkë́l	2
satsánbı̨́ł	2
satsálcho	2
sasye	2
sastú	2
sastuétʼıné	2
sastthë́n	2
saréɂazé	2
sareze	2
sanıdhën	2
sanátsʼedé	2
sanádéaze	2
sanadé	2
nı̨́tʼı̨	2
nı̨́lye	2
nı̨́la-u	2
nı̨́gos	2
nı̨́akʼe	2
nı̨́	2
nı̨łtsʼısłıne	2
nı̨łtsʼısłın	2
nı̨łtsʼıle	2
nı̨ułtsı̨nı̨	2
nı̨bálchʼú	2
nı̨bálchʼué	2
nı̨bál	2
nı́ł	2
nı́zus	2
nı́yaı	2
nı́tʼë́th	2
nı́nı̨́tsą	2
nı́nı́lką	2
nı́ne	2
nı́lghas	2
nı́gu	2
nı́góréłya	2
nı́gha	2
nıɂel	2
nıɂá	2
nıɂanıs	2
nıłtsʼı̨słıné	2
nıłtsʼı	2
nıłstı́	2
nıłna	2
nızı̨́	2
nıze	2
nıyı̨	2
nıúłchʼël	2
nıúltsı̨nı̨	2
nıurı̨́del	2
nısı́	2
nılé	2
nıkël	2
nıekué	2
nıdhı́le	2
nıdhe	2
nıdá	2
nųłtsı̨	2
núré	2
núnı̨łtı̨	2
núnılther	2
núnıla	2
núlye-a	2
nú	2
nuɂazé	2
nułtthıth	2
nułé	2
nuwé	2
nuweba	2
nutʼaılé	2
nusoghé	2
nushéth	2
nunıtthı́	2
nunıtsël	2
nunıdzaghé	2
nunıché	2
number	2
nulą	2
nuhhełɂa	2
nuhdél	2
nuetsʼų́	2
nuaze	2
nǫ́łtsıne	2
nǫ́tʼe	2
nǫ́ntʼą́	2
nǫ́na	2
nǫ́	2
nǫnıɂą	2
nóré	2
nónıɂa	2
nónona	2
nóna	2
nódhér	2
not	2
norı́ya	2
noréłɂą	2
nę́lką	2
nęzo	2
nętʼı̨	2
nën	2
néłna	2
néna	2
nélɂa	2
nélı̨le	2
nélı̨	2
nédenélkuth	2
neɂı̨́aze	2
nezų́	2
nezo	2
neyı́nël	2
neye	2
netthʼëné	2
netthı́	2
netthıth	2
netsı̨	2
neskéne	2
nesjër	2
nelı̨-u	2
nekʼóth	2
nejá	2
neghąnıtą	2
nedhël	2
nedhá	2
nedáre	2
nedá	2
nedath	2
neda	2
nechılı́	2
necháchogh	2
ną́ı̨́zus	2
ną́lı	2
ną́bı̨	2
nąıdher	2
nąde	2
náı̨́tsı̨́s	2
náı̨́da	2
náı̨ɂa	2
náı̨lı̨	2
náı̨bál	2
náı́ltłı	2
náı́dı́słıne	2
náı́dı́bąth	2
náı́dıedene	2
náıɂa	2
náıdı	2
názetʼeth	2
názelya	2
náyenı̨kár	2
náyenıłtʼus	2
náúder	2
náudenélnı	2
nátłʼı́r	2
nátthel	2
nátsʼedhër	2
nátsʼedher	2
nátsʼedaı	2
nátserı́le	2
násu	2
náskʼëth	2
náshúzetthʼı	2
nárı̨́ghá	2
náréghá	2
náre	2
nánı̨́łtsʼı	2
nánıs	2
nánı	2
náneɂa	2
nánetʼıne	2
nánetʼën	2
nánetʼáth	2
nánelką́ú	2
nánel	2
nánedhër-a	2
nánałdą́	2
nán	2
náltʼı́ke	2
náltłʼés	2
nálnı́	2
nálkéth	2
nálchʼul	2
nálchʼe	2
nákadhel	2
náhedhër	2
nághaye	2
nádoretʼá	2
nádlógh-u	2
nádezelɂı̨́	2
nádenélɂı̨́	2
nádené	2
nádázélya	2
nádazelttı́	2
náchʼanı́	2
naɂúl	2
nałkı	2
nałkar	2
naı̨́tʼeı́le	2
naı́dı́	2
naı́dá	2
naıdı́e	2
naıdá	2
nazelta	2
nayı̨́tʼe	2
nayeɂël	2
nayełtı̨l	2
nayełtel	2
nayełcheth	2
nayetı̨l	2
nayereshá	2
nayekël	2
nayeghel	2
natʼı̨chóı́le	2
natʼı̨	2
natʼéle	2
natʼáth	2
natthı	2
natsʼéhjı	2
natsʼelyı́l	2
natsʼeldı́l	2
natsʼekı́s	2
natsʼejı́	2
natsʼedé	2
natsús	2
natsërɂılé	2
nastër	2
naskuı	2
nasdezı̨́	2
narı̨ɂá	2
narı̨dhá	2
narıdhá	2
narédhılé	2
narédá	2
naretʼá	2
naretʼa	2
nareltı́	2
naredı	2
nare	2
nanúbıl	2
nanurı́la	2
nanulá	2
nanélɂı̨́	2
nanetʼı	2
nanestʼı̨	2
nanedı	2
nandı́l	2
naltʼı́ke	2
naltłʼes	2
naltłagh	2
naltther	2
nalchéth	2
nalazëlde	2
nalazelde	2
nakʼétsʼełya	2
nakuı	2
nake	2
nagı́th	2
nagı́dhezën	2
nagı́dhetthoé	2
nagodhełtʼı́	2
nadláre	2
nadës	2
nadáyerelé	2
nadal	2
nada	2
mułdzaghe	2
mársıcho	2
lı̨́le	2
lı́mardú	2
lı́garú	2
lıshál	2
lımëlyǫ	2
lımardú	2
lıbı́k	2
lu	2
lër	2
levlúr	2
lą́tʼı	2
lą́tʼi	2
ląghe	2
láɂan	2
láhke	2
láhátʼı̨	2
láhátı	2
laɂané	2
lathál	2
lası́	2
lada	2
labuél	2
kʼı̨́ya	2
kʼı̨́jı́tʼán	2
kʼı́zı̨	2
kʼıtú	2
kʼıchogh	2
kʼuredı	2
kʼórelyąı̨́le	2
kʼórelyąı́le	2
kʼóndzër	2
kʼókʼën	2
kʼothkál	2
kʼorésɂá	2
kʼorélyą	2
kʼorelya	2
kʼorekʼą́	2
kʼonelká	2
kʼoneká	2
kʼodh	2
kʼéɂáne	2
kʼétonona	2
kʼétona	2
kʼétaghe	2
kʼéta	2
kʼés	2
kʼéhanı́	2
kʼédı̨onona	2
kʼédı̨ona	2
kʼeɂá	2
kʼethı̨́łchʼul	2
kʼesnı	2
kʼes	2
kʼerédı	2
kʼenáı̨łtsıl	2
kʼenáı̨łdé	2
kʼenaltsıl	2
kʼela	2
kʼekaıdzı́l	2
kʼedarenı	2
kʼechʼaunıtʼé	2
kʼáı̨́dhënle	2
kʼáı́tél	2
kʼáı́lı̨	2
kʼáı́lıcho	2
kʼáı́lı	2
kʼáı́lesën	2
kʼáı́kʼos	2
kʼáı́gú	2
kʼáı́chı̨	2
kʼáıla	2
kʼáth	2
kʼásbatthén	2
kʼánı	2
kʼatłdęné	2
kʼath	2
kʼaré	2
kʼanıtʼá	2
kʼaldé	2
kʼakʼánı̨	2
kʼakʼanı̨	2
kʼahanı́	2
kʼaduth	2
kʼabą́	2
kı̨lué	2
kı̨del	2
kı̨dadaharel	2
kı́zı̨́	2
kılɂejëretthʼué	2
kıdá	2
kų́eaze	2
kuzı̨gal	2
kuné	2
kulátʼe	2
kuęze	2
kuęcho	2
kudhel	2
kucho	2
kosą	2
korı́łchëth	2
këth	2
këntsʼı́	2
kënjër	2
këndhul	2
kë	2
kéjús	2
kéchú	2
kełjus	2
kezebë́r	2
ketłʼaghe	2
ketthé	2
ketsʼë́l	2
keth	2
kesúchaı	2
kesabë́r	2
kenıɂá	2
kenuré	2
kelu	2
kelkʼaılı	2
kedlaghé	2
kechëné	2
kechen	2
ką́ı̨́del	2
ką́	2
kąłtsı́	2
kąłtsı	2
ką-u	2
káɂa	2
káı́gúe	2
káthı̨łtʼe-u	2
kánı	2
káneta	2
kánatsʼedı́l	2
káléaze	2
kaıdzı́l	2
kazus	2
karı̨łthá	2
karı̨thıé	2
karélɂı̨́	2
kanızı̨́	2
kanız	2
kanıltʼé	2
kanálzé	2
kal	2
kahą	2
kabı̨́l	2
kabı̨ł	2
kabı̨t	2
jı́ze	2
jı́tʼáné	2
jı́tué	2
jı́aze	2
jús	2
jéthchëné	2
jéthchën	2
jezus	2
jakʼébál	2
ingraham	2
hı̨́dı̨	2
hı̨́dhųth	2
hı̨́bı̨	2
hı̨ɂı̨-a	2
hı̨ɂą́	2
hı̨łxąn	2
hı̨łdı́l	2
hı̨ya-a	2
hı̨gal	2
hı́ɂą	2
hı́łtʼus	2
hı́naı́	2
hı́lyúl	2
hı́lghás	2
hı́lchʼe	2
hı́lchú	2
hı́lbën	2
hıwılé	2
hılı́	2
hılé	2
hılbën	2
hų́tłʼéth	2
hų́tłʼédhé	2
hų́tłʼeth	2
hų́nılı	2
hųłnı	2
hųlı̨le	2
hųkaı̨ya	2
hųdhër	2
húłdzáy	2
hútʼı̨́le	2
hús	2
húrı̨́dhër	2
húretʼı̨́le	2
húretʼı̨le	2
húnıłdel	2
hułtʼı́	2
huzo	2
huyą	2
hutı́łtsı̨	2
hurı́łɂa	2
hurı́lɂı̨	2
hurıłɂaı́le	2
hurę́ją	2
hurélyąle	2
hurélya	2
hurékʼą́n	2
hurełkër	2
hurelyų	2
hurelyú	2
hurelyu	2
hurelyel	2
hunı́la	2
hunı́dhıl	2
hunıla	2
hunıdhenı́le	2
hunéłkąn	2
hunełna	2
hunetʼı̨	2
huná	2
hulɂa	2
hulı́	2
hulyı́s	2
hultʼı́	2
hultá	2
hukës	2
huhɂaz-a	2
huhdel-a	2
hudzı	2
hubebá	2
hórı̨la	2
horı̨sha	2
horółnı	2
horę́ją	2
horéłnı́	2
horéłnı	2
horélyąı́le	2
honı	2
honéłtą	2
honélkën	2
honelkën	2
hę́	2
hë́redlı́r	2
héłtsı	2
héłchan	2
hétʼëth	2
hétʼa	2
hékı̨l	2
héhgor	2
héhdlı	2
héalyé	2
hé	2
heɂël	2
hełɂáıs	2
hełyúl	2
hełtʼéth	2
hełtë́l	2
hełdzaı	2
hełcheth	2
hełbı́	2
hełaı́th	2
hetʼáth	2
hetʼal	2
hetłǫ	2
hetthı	2
hethełkʼath	2
hethdëth	2
henı̨ltʼe	2
henı́l	2
henıdhën	2
henelı̨lé	2
hená	2
henaı́le	2
henalnı́le	2
helı̨ú	2
helgol	2
helës	2
helel	2
heldı́l	2
heldëth	2
heldéle	2
helchʼúl	2
helbı́le	2
helbıle	2
helayı́	2
hekı̨l	2
hekı́	2
hekël	2
hekéth	2
hekádhër	2
hehdlı	2
heghettú	2
hegal	2
hedze	2
hebes	2
hą́ı̨́łtsó	2
hą́ltsëltthë́n	2
hątsël	2
háı̨dhënle	2
házu	2
háyurı̨la	2
háyéłnı	2
hátłʼır	2
hátłʼodeschetʼıné	2
hátłʼodesche	2
hásne	2
hásdı	2
hás	2
háne	2
háltʼáth	2
háltʼath	2
háltan	2
hádı	2
haɂą́	2
hałtsı́	2
hałkʼéth	2
hałkı	2
hałe	2
hazúghe	2
hazúé	2
hayúnıɂá	2
hayurı̨́dha	2
hayǫɂa	2
hatʼe-a	2
hatʼ	2
hatthereltsa	2
hattedhe	2
hatéth	2
hasłı̨nú	2
hasłın	2
harılá	2
harelyǫ	2
hare	2
hanı̨ltʼe	2
halu	2
hale	2
halą́tʼı̨	2
halą	2
hakʼórı́lye	2
hakʼelzus	2
hakʼáth	2
hajere	2
hagaı́	2
haga	2
hadúé	2
hadedhé	2
hadánadzus	2
habaı́	2
ha-a	2
gų́thchay	2
gų́dhe	2
gúgu	2
gugúshtthén	2
gugúshkʼa	2
gódhé	2
ghąlnı	2
ghąldeth	2
gház	2
ghál	2
ghatʼá	2
gë́l	2
gënechela	2
geze	2
gálımák	2
gane	2
gahu	2
gagús	2
gagos	2
ełchʼáz	2
eat	2
dı̨́lchu	2
dı̨onona	2
dı̨ona	2
dı̨ghël	2
dı̨chʼú	2
dı̨ądhel	2
dı́tʼı̨	2
dı́néth	2
dıyédıl	2
dıtłʼı́s	2
dısdézı̨	2
dı	2
dzʼı̨łkı́n	2
dzı̨łkı̨n	2
dzı̨nedháze	2
dzı̨kʼëré	2
dzı̨dız	2
dzı̨dıs	2
dzı́nı̨łnı	2
dzı́kʼel	2
dzıútʼı̨́le	2
dzıútʼı̨choı́le	2
dzıré	2
dzıráttá	2
dzın	2
dzıkerédhı	2
dzıdıdhé	2
dzı	2
dzëndhë́th	2
dzézezus	2
dzérékwıth	2
dzérégha	2
dzérédı́l	2
dzékezedhı	2
dzerehtłʼı́s	2
dzeghaze	2
dząné	2
dza	2
dų́	2
dúé	2
dtʼáı	2
dǫ	2
dódzı	2
dó	2
doghé	2
dodı	2
dlı́enı	2
dlúne	2
dluneu	2
dlónánełɂı̨	2
dhëth	2
dhel	2
dëth	2
dënunaghe	2
dënëtsʼıéɂaze	2
dëlzúr	2
dëlzur	2
dëldële	2
dël-u	2
déɂą	2
déłtur	2
déyełchëth	2
déyenıl	2
détʼúr	2
détı	2
détsës	2
déthtur	2
dérı̨dı́-a	2
déresdı́le	2
déredı́	2
dénı	2
déle	2
dékʼën	2
dékʼą	2
déchęn	2
déchëth	2
deɂą	2
dezur	2
deyélyul	2
dexél	2
detʼą	2
detʼanchotʼá	2
detʼanchogh	2
detʼancho	2
detʼan	2
detłʼǫ	2
detthı	2
desnéthché	2
desnethché	2
deskʼe	2
desdı́zı̨	2
descha	2
desą	2
denı̨́	2
denı̨tsʼıaze	2
denı́yá	2
denı́yahgoze	2
denı́tthı́	2
denı́tsʼı́ké	2
denı́gu	2
denı́ghá	2
denı́dzaghé	2
denı́de	2
denı́ché	2
denı́bı̨́l	2
denı́aze	2
denıntʼı	2
denınę́	2
denıkʼą	2
denıé	2
denultthʼı́	2
denéɂádhé	2
denéyétthʼëné	2
denéyédá	2
denéxaré	2
denétʼı	2
denétʼąs	2
denétʼághos	2
denétłʼézé	2
denétłʼá	2
denétłʼatthë́n	2
denétthʼı́e	2
denétthʼıghá	2
denétthʼıdá	2
denétthʼúdhë́th	2
denétthʼué	2
denétthʼëné	2
denétthı́tʼa	2
denétthı́tthʼën	2
denétthú	2
denétthël	2
denétsʼı́tsël	2
denétsʼıécho	2
denétsʼıé	2
denétsʼatthʼë́n	2
denétsëleze	2
denétsą	2
denérehtłʼı́s	2
denénıze	2
denénë́nétthʼëné	2
denénérehtłʼı́s	2
denéné	2
denénatué	2
denénalúzé	2
denénagódhé	2
denénaghe	2
denénadhë́th	2
denélué	2
denélezé	2
denélátthʼëné	2
denélatʼá	2
denélatłʼaghé	2
denélatthʼál	2
denélatthʼalé	2
denélagané	2
denélachëné	2
denélachéth	2
denélachené	2
denékʼoth	2
denékʼázé	2
denékʼástłʼuré	2
denékʼás	2
denékʼaı́tthë́l	2
denékuę́	2
denékétthʼëné	2
denékétsʼë́lcho	2
denékétsʼë́laze	2
denékétsʼë́l	2
denékełtálé	2
denéketłʼaghe	2
denékegán	2
denékechëntthʼën	2
denékechëné	2
denéghúgës	2
denéghúcho	2
denéghúchë́n	2
denéghutthë́n	2
denéghothtthʼëné	2
denéghoth	2
denéghol	2
denéghethgór	2
denéghą́le	2
denéghą́lchu	2
denégë́n	2
denégánlá	2
denégáné	2
denédzı́dıth	2
denédzı́dıdhé	2
denédzá	2
denédzagórtsó	2
denédzagór	2
denédzaghéyé	2
denédzaghétłuré	2
denédzaghétthʼëné	2
denédzaghé	2
denédhë́r	2
denédhátʼá	2
denédhálye	2
denéchʼúth	2
denéchʼë́ré	2
denéchʼë́r	2
denéchéth	2
denéchąghé	2
denéaze	2
denedhı́yé	2
denedhı	2
denedell	2
deltłʼul	2
deltthogh	2
deltsës	2
deltsër	2
delkos	2
delká	2
delghël	2
dekʼenáı̨łtsıl	2
dekʼenáltsıl	2
dekʼá	2
dekǫ́dé	2
dekothchʼë́r	2
dekán	2
deghǫ	2
degë́th	2
degéth	2
dechënzús	2
dechënlú	2
dechënkë́l	2
dechënke	2
dechëndzare	2
dechënbeze	2
dechënbes	2
dechené	2
dechąkáy	2
dechankı̨	2
dą́eze	2
dąı̨tłʼų	2
dąıłtı̨́	2
dąıchuth	2
dáɂełkʼı́th	2
dáɂąné	2
dáɂa	2
dáłgos	2
dáı́słı̨	2
dátséjen	2
dásurułtthʼą	2
dárı̨́la	2
dárıltłʼul	2
dárułtthʼı	2
dárę́ltthʼur	2
dáreɂą	2
dánéłɂą	2
dánélɂą	2
dáne	2
dánareldıth	2
dáhlá	2
dáháreltaı̨le	2
dáhaɂa	2
dághel	2
dádasłın	2
dáchëncho	2
dałye	2
daı̨́	2
daı̨łtı̨́	2
dazełɂą	2
datı̨́	2
datsʼéalı́l	2
datsʼedıl	2
datsą́tsël	2
dathé	2
daskáre	2
dashǫ́	2
darı̨kı̨	2
darıntłʼë́th	2
darelyı	2
danélɂą	2
danánıdhën	2
dahké	2
daharı̨kı̨	2
daharel	2
daghózé	2
daghárı̨tą	2
chʼo	2
chʼązı̨́	2
chʼądı́e	2
chʼárı́ldhën	2
chʼáháłthër	2
chʼaı̨́dı	2
chʼas	2
chʼa	2
chız	2
chúdh	2
chóugh	2
chëthtthë́n	2
chëné	2
chëlá	2
chétsélyı	2
chetʼath	2
chelekwıaze	2
chąghay	2
chás	2
cha	2
bı̨́łchën	2
bı̨́tʼazı̨́	2
bı̨́l	2
bı̨łnı	2
bı̨yeze	2
bı̨kʼą́s	2
bı́r	2
bıı́tʼas	2
bıngo	2
bıle	2
bųrełnı	2
búretʼı̨́le	2
busı́cho	2
busı́	2
bunı́la	2
bulɂa	2
bresdla	2
bórełnı	2
bóretʼı̨	2
bonełthır	2
bë́rdól	2
bërkʼattʼeth	2
bër	2
bésuéná	2
béketh	2
bédarę́bal	2
bezé	2
beyı̨́tʼı	2
beyı́	2
beyǫdhen	2
beyéldeth	2
beye	2
beyátthén	2
beyaz	2
beyattıé	2
betʼı	2
betʼsı́ghı́	2
betʼóréɂá	2
betʼaı́tʼı̨	2
betłʼághé	2
betłʼá	2
betthʼızı	2
betthʼıs	2
betthʼué	2
betthı́ghą́	2
betthı	2
betthe	2
betsʼı̨́	2
betsʼúrenı́le	2
betsʼúrenı	2
betsʼë́n	2
besxáth	2
bestı́l	2
beskúr	2
beskën	2
beskéne	2
beschëne	2
berehtłʼı́s	2
berakuréjaı̨́le	2
benı́kʼéchʼa	2
benıłı̨tthël	2
benıze	2
benıgés	2
benuzı́	2
beneresnı́	2
benatʼı̨́	2
benaghé	2
belsúná	2
bekʼı́ne	2
bekʼı́lnı	2
bekʼudúth	2
bekʼórı̨lyą-u	2
bekʼéunı́	2
bekʼénelduth	2
bekʼél	2
bekʼetʼáth	2
bekʼerı̨tsʼı	2
bekʼerehtłʼı́s	2
bekʼenı́	2
bekʼenasdlı̨	2
bekʼelzus	2
bekʼás	2
bekʼazı̨́	2
bekʼadhe	2
bekʼa	2
bekałtʼeth	2
bejëre	2
bejereú	2
bejer	2
begǫlchú	2
begónedı	2
beghúle	2
beghúldeschetʼıné	2
beghúldes	2
beghú	2
beghárekʼą	2
beghár	2
beghálchı	2
begharé	2
begën	2
begąnanádhér	2
bedzı́dıth	2
bedzı́	2
bedzıaze	2
bedzı	2
bedzérelɂıth	2
bedzá	2
bedhénıntʼı	2
bedháré	2
bedhághé	2
bedëlé	2
bedáyı́né	2
bedárę́lye	2
bedaıkęné	2
bedagháré	2
bechën	2
bechą	2
bechantthʼëné	2
bebı	2
bebązı̨́	2
bebán	2
bebálɂa	2
be-	2
bą́łchʼąchë́n	2
bą́łchʼą	2
bą́laytthë́naze	2
bą́laytthë́n	2
bą́latthë́n	2
bą́la	2
bąlay	2
bąla	2
bądhe	2
báné	2
bálé	2
bálaı	2
bákél	2
battéł	2
banlay	2
banałtʼı́	2
bahkël	2
after	2
add	2
a	2
ɂı̨́yeze	1
ɂı̨́	1
ɂı̨łtʼerı	1
ɂı̨łtʼeré	1
ɂı̨łrá	1
ɂı̨łágheu	1
ɂı̨ła	1
ɂı̨yıs	1
ɂı̨yezaza	1
ɂı̨yez	1
ɂı̨yestsʼánlá	1
ɂı̨yazaze	1
ɂı̨lá	1
ɂı̨hą	1
ɂı̨ghą́	1
ɂı́łe	1
ɂı́tsą	1
ɂı́h	1
ɂıłdzus	1
ɂıłázı̨ltʼeu	1
ɂızı́	1
ɂızı	1
ɂıyezeaze	1
ɂıyeze	1
ɂıltsʼë́n	1
ɂıhduwe	1
ɂıhcho	1
ɂıghá	1
ɂıdı́	1
ɂıdor	1
ɂıchı̨chené	1
ɂzé	1
ɂúlday	1
ɂú	1
ɂunı́łɂı̨́	1
ɂunezákʼe	1
ɂuldaydestsël	1
ɂǫ́łı̨	1
ɂǫłtʼé	1
ɂǫkacho	1
ɂónını	1
ɂóghe	1
ɂę́l	1
ɂęghés	1
ɂëlgaré	1
ɂéłtthʼı-u	1
ɂéłtthʼı	1
ɂéłgás	1
ɂésté	1
ɂéské	1
ɂél	1
ɂeʼrkʼréttane	1
ɂełıgı́dh	1
ɂełxal	1
ɂełúrélye	1
ɂełtʼáretłʼı́r	1
ɂełtthı́	1
ɂełttąnél	1
ɂełtsʼenaretʼal	1
ɂełta	1
ɂełrıgı́dh	1
ɂełre	1
ɂełnazeldél	1
ɂełnalye	1
ɂełkʼı́nı̨	1
ɂełkʼı́ne	1
ɂełkʼı́dhı	1
ɂełkʼıdhé	1
ɂełkʼéretʼą	1
ɂełkʼénı́chël	1
ɂełkʼékʼeré	1
ɂełkʼédıne	1
ɂełkʼéchʼá	1
ɂełkʼécha	1
ɂełkʼenı́lyel	1
ɂełkʼedalya	1
ɂełkʼechʼa	1
ɂełkʼe	1
ɂełkénı́łkʼáth	1
ɂełkeʼnı́tte	1
ɂełkeré	1
ɂełghątʼaı	1
ɂełghą	1
ɂełgháré	1
ɂełghánatʼay	1
ɂełgha	1
ɂełę́łtʼe	1
ɂełézı́lghel	1
ɂełéráchedh	1
ɂełénı́la	1
ɂełénalı	1
ɂełéltʼe	1
ɂełégı́th	1
ɂełezelghel	1
ɂełerełtłı́s	1
ɂełcházı̨́	1
ɂełatsʼén	1
ɂeładųnı̨	1
ɂezı́	1
ɂeyı́	1
ɂeyatá	1
ɂeyasłı̨	1
ɂeyarı́sya	1
ɂeyalɂı̨	1
ɂeyajá	1
ɂetʼą́	1
ɂetʼaxą	1
ɂetthʼën	1
ɂetthë́nué	1
ɂetthén	1
ɂettherı	1
ɂettheláze	1
ɂettená	1
ɂette	1
ɂetsʼıáze	1
ɂetsʼél	1
ɂetsʼenareltthʼel	1
ɂetsʼeltsʼún	1
ɂethe	1
ɂeth	1
ɂetagané	1
ɂesxal	1
ɂestudá	1
ɂestaɂı̨́lú	1
ɂesjıa	1
ɂesátʼéle-u	1
ɂerıłtʼı́s	1
ɂerıtłʼı́s	1
ɂerıtłtsı	1
ɂerıhtłʼı́sé	1
ɂerıhtłʼıs	1
ɂerétłʼıs	1
ɂerehtłʼı́sbetʼá	1
ɂerehtłʼı́saze	1
ɂerehtłʼıs	1
ɂenıltʼe	1
ɂenélk	1
ɂenettı̨́	1
ɂenatʼı́	1
ɂenatʼé	1
ɂena	1
ɂelyétsı	1
ɂelyéltsél	1
ɂeltsʼe	1
ɂeltoʼghaze	1
ɂeltą́	1
ɂelta	1
ɂelkal	1
ɂeljaıké	1
ɂelgú	1
ɂelghárúlttá	1
ɂelghárulta	1
ɂeldzı	1
ɂel	1
ɂekʼı́dh	1
ɂekʼé	1
ɂekʼa	1
ɂekú	1
ɂeku	1
ɂekeh	1
ɂeká	1
ɂejëretʼué	1
ɂejëretúecho	1
ɂejëretúdezé	1
ɂejëretúdesche	1
ɂejëretúdes	1
ɂejëredë́l	1
ɂehte	1
ɂeghezú	1
ɂeghena	1
ɂeghą́sozelnı	1
ɂeghą	1
ɂeghálaı́daı́le	1
ɂeghálasna	1
ɂeghálana-u	1
ɂeghalanal	1
ɂedłánéltʼe	1
ɂedını	1
ɂedzeretʼáy	1
ɂedza-u	1
ɂedųnı̨	1
ɂedų	1
ɂeduréldzaı	1
ɂedunı	1
ɂedu-u	1
ɂedǫ	1
ɂedlı́s	1
ɂedlı́nıatsʼı	1
ɂedlını̨	1
ɂedlólye-a	1
ɂedlelé	1
ɂedlą́ghę	1
ɂedláı̨ł	1
ɂedláı̨tha	1
ɂedlázı̨́	1
ɂedlázı́átsʼı	1
ɂedlátʼı̨-a	1
ɂedlátʼı̨	1
ɂedlátʼú	1
ɂedlánıtha	1
ɂedlánéltʼe-a	1
ɂedláa	1
ɂedezultún	1
ɂedezeltʼı́	1
ɂedenel	1
ɂedena	1
ɂedelna	1
ɂedekʼenázeltsıl	1
ɂedekʼázeltsıl	1
ɂedehálnı	1
ɂedeba	1
ɂedáyı̨́né	1
ɂechʼéré	1
ɂechʼere	1
ɂechere	1
ɂebë́rdhë́th	1
ɂą́łnedhe	1
ɂą́tthʼër	1
ɂą́tthër	1
ɂą́sdezı̨	1
ɂą́ne	1
ɂą́dhır	1
ɂąłxąne	1
ɂąłǫ́	1
ɂąłnedhe	1
ɂąła	1
ɂąı̨łdath	1
ɂązı̨́	1
ɂątsʼezéh	1
ɂąné	1
ɂąldélı	1
ɂąhła	1
ɂąghane	1
ɂąddhır	1
ɂáı́łxël	1
ɂáı́ya	1
ɂáı́shal	1
ɂáıle	1
ɂáze	1
ɂájá	1
ɂałų́	1
ɂałnedh	1
ɂałenúddher	1
ɂaı̨łdëth	1
ɂaı̨lı̨	1
ɂaıl	1
ɂaı	1
ɂaze	1
ɂatʼsén	1
ɂatłǫ	1
ɂatı̨́	1
ɂatsʼı̨	1
ɂatsʼén	1
ɂatsǫ́desche	1
ɂatsǫ́	1
ɂateı́le	1
ɂastʼe	1
ɂaróhtʼı̨	1
ɂarelyų́le	1
ɂanı́la-u	1
ɂanıłthá	1
ɂanıltʼe-u	1
ɂanılé	1
ɂanélé	1
ɂanetʼe-a	1
ɂanáłther	1
ɂanáł	1
ɂanáre	1
ɂanáltherı́le	1
ɂalɂı̨	1
ɂalı́lu	1
ɂalyų́	1
ɂalyá	1
ɂalya	1
ɂalne	1
ɂalkádh	1
ɂalé	1
ɂaldhen	1
ɂaldél	1
ɂalaze	1
ɂakésná	1
ɂajáyı́	1
ɂahatʼı	1
ɂahadı	1
ɂaghé	1
ɂadı́l	1
łı̨cogh	1
łı̨chogh	1
łı̨chą́	1
łı́katı́	1
łıę́	1
łıé	1
łıdı́	1
łıchogh	1
łıchoaze	1
łúsu	1
łuɂan	1
łułazé	1
łuyaghé	1
łuttı́lı	1
łuttılı	1
łuschogh	1
łukár	1
łtsıaze	1
łǫ́tonona	1
łǫ́tona	1
łǫ́na	1
łǫ́kǫ́ná	1
łǫ́konǫná	1
łéta	1
łéstʼéthaze	1
łéstʼe	1
łéshı́lyúl	1
łezú	1
łetʼa	1
łestʼéth	1
łestʼeth	1
łesdı	1
łes	1
łerókár	1
łeqhą́dhı	1
łekąn	1
łekan	1
łeghą́ı́dher	1
łeghą́tsʼıde	1
łeghą́lde	1
łeghą́dhı	1
łeghą́	1
łeghátsʼıde	1
łegháldher	1
łe	1
łą́ı̨dhë	1
łąı́le	1
łáskʼëth	1
łaılé	1
łasnı́xąıtʼı̨́	1
ı́łe	1
ı́barlá	1
ıle	1
íya	1
é	1
zı́thʼagh	1
zoghé	1
zędą	1
zélya	1
zéltthʼı	1
zéltthı	1
zél	1
zełtthʼı	1
zełdéł	1
zelzus	1
yı̨́ttı̨́	1
yı̨dhen	1
yı́zatsı̨́	1
yı́z	1
yı́ká	1
yú	1
ywé	1
yųyaghé	1
yųnızı̨	1
yútʼáré	1
yútselaze	1
yúnı̨ɂa	1
yúkʼe	1
yúe	1
yúdekay	1
yurı̨ɂą	1
yunı́s	1
yunızı̨́	1
yunıza	1
yunéthhaɂa	1
yunéth	1
yunedhe	1
yunaghé	1
yulı́s	1
yudázı̨	1
yǫłtı	1
yǫ	1
youʼre	1
you	1
yéı̨tʼı	1
yéıbál	1
yétʼası́e	1
yéré	1
yénéstʼa	1
yénegha	1
yéltłoaze	1
yélnı	1
yéldzéh	1
yéatsʼı̨	1
yeɂı̨	1
yez	1
yeyaı́łɂéth	1
yexułe	1
yetthı́tʼá	1
yetthı́tʼ	1
yerełnı́	1
yenıdhen	1
yenárétʼı̨	1
yenalnı́	1
yenalní	1
yekʼórıɂą	1
yekʼóréłya	1
yekʼáyarılttı	1
yegháulı	1
yeghá	1
yedhé	1
yedáreldedh	1
yeadare	1
yáı̨́sı́	1
yátsʼéné	1
yálchúth	1
yáka	1
yałttı́	1
yałtthı	1
yałkʼı́th	1
yaı́tsër	1
yaıttı	1
yatʼaı́	1
yatʼaré	1
yattıe	1
yatthı	1
yanı́zı̨	1
yanełtı	1
yamorıa	1
yakʼettı̨́	1
yak	1
yah	1
xı́l	1
xelı	1
xąıle	1
xáı́lı	1
xáų́tʼe	1
xáunı̨dhen	1
xátsedı	1
xásı̨le	1
xáre	1
xáráltʼadh	1
xánetı̨́	1
xáneltʼát	1
xánele	1
xánáhadher	1
xákʼádh	1
xáhúja	1
xáhetʼı	1
xádı́	1
xáduneltten	1
xádárédzen	1
xaɂa	1
xałnı	1
xałé	1
xaı́le	1
xaıtʼą́zı̨́	1
xaıttılı	1
xaunełtten	1
xaunel	1
xatsı̨́	1
xatsáł	1
xatsál	1
xanı́tʼas	1
xakʼadhu	1
xajëre	1
xagaıyé	1
xadhı	1
xadárélyúl	1
xadárélghál	1
wıllıam	1
wıll	1
ú	1
tʼı̨chʼa	1
tʼıth	1
tʼúré	1
tʼuzedı́e	1
tʼsı̨́de	1
tʼsı́	1
tʼsúlchʼoghu	1
tʼsés	1
tʼsékwıazeu	1
tʼsékwı	1
tʼsédı	1
tʼsetsagh	1
tʼsejı́	1
tʼórı́kʼą	1
tʼolásı	1
tʼogh	1
tʼédh	1
tʼes	1
tʼą́ltʼe	1
tʼązı̨	1
tʼącháı́	1
tʼáı́	1
tʼáú	1
tʼásı́e	1
tʼánuaze	1
tʼákë́	1
tʼábér	1
tʼaı́	1
tʼaı	1
tʼautʼı́	1
tʼatʼų	1
tʼatʼası́e	1
tʼatthe	1
tʼatsʼë́nle	1
tʼası̨́	1
tʼası̨	1
tʼası́eaze	1
tʼası̀e	1
tʼarı̨́łkódh	1
tʼarátʼı	1
tʼanúłtʼe	1
tʼanetʼı̨	1
tʼanchy	1
tʼanchay	1
tʼaláze	1
tʼalásı́	1
tʼahų́tʼesı́	1
tʼahų́tʼe	1
tʼahútʼu	1
tʼahǫntʼé	1
tʼaháɂą	1
tʼahatʼı̨́	1
tʼaghé	1
tʼaghe	1
tʼaghaʼladası	1
tʼachela	1
tłʼúłé	1
tłʼǫkı̨	1
tłʼǫ	1
tłʼóreschʼe	1
tłʼóresche	1
tłʼës	1
tłʼelé	1
tłʼel	1
tłʼąkelé	1
tłʼázı̨	1
tłʼánalye	1
tłʼaze	1
tłı́uł	1
tłrʼuł	1
tłrʼl	1
tłres	1
tłǫ́aze	1
tłǫ	1
tłoɂan	1
tłesdó	1
tłe	1
tłáréda	1
tłáhálges	1
tłá	1
tłazı́	1
tłası́e	1
tła	1
tı̨lu	1
tıre	1
tılıcho	1
tytılı	1
tús	1
tuzı́	1
tuyé	1
tutʼsedą	1
tudhél	1
tuasdés	1
ttı̨keth	1
ttı̨kedh	1
ttıłıaze	1
ttıłı	1
ttıl	1
ttúnıɂa	1
ttú	1
ttuıłchúth	1
ttuaze	1
tthʼuwé	1
tthʼutthı́lá	1
tthʼé	1
tthʼezeɂı	1
tthʼen	1
tthʼaıú	1
tthı̨̀dá	1
tthı́zúré	1
tthı́tsı̨́	1
tthı́lá	1
tthı́kʼe	1
tthı́aze	1
tthıghʼa	1
tthıdá	1
tthoaze	1
tthéré	1
tthénéu	1
ttherı	1
tthené	1
tthene	1
tthele	1
tthejeré	1
tthegér	1
tthegeré	1
tthedhe	1
tthą́ddhı	1
tthąlé	1
ttházeldzaı	1
tthál	1
tthábes	1
tthaʼı	1
tthaıdhé	1
tthatʼıné	1
tthath	1
ttha	1
ttęłtsá	1
ttën	1
ttédh	1
ttetsʼeyá	1
ttesdher	1
tten	1
ttel	1
ttehágéth	1
ttegéré	1
ttąłtsıaze	1
ttąką	1
ttałtsıaze	1
ttaı́	1
ttaı	1
ttau	1
ttatʼıné	1
ttarettı̨yé	1
ttarettı̨é	1
ttanızı̨	1
ttah	1
ttabı́ł	1
tsʼı̨́ttı̨́l	1
tsʼı̨ltʼe	1
tsʼı́s	1
tsʼıkʼé	1
tsʼıé	1
tsʼųskʼedhe	1
tsʼútʼas	1
tsʼúlé	1
tsʼúdel	1
tsʼuttún	1
tsʼutsʼı́aze	1
tsʼutsı́	1
tsʼuchogh	1
tsʼën	1
tsʼéthı̨é	1
tsʼéthı́e	1
tsʼéthıe	1
tsʼésłı	1
tsʼérélɂul	1
tsʼérébı	1
tsʼéná	1
tsʼéltʼuı	1
tsʼébagha	1
tsʼełɂeth	1
tsʼełdogh	1
tsʼeł	1
tsʼezéh	1
tsʼezes	1
tsʼetʼı̨́	1
tsʼetʼalazu	1
tsʼetʼalaze	1
tsʼetı̨	1
tsʼettę́s	1
tsʼenı́	1
tsʼenı	1
tsʼeltʼwı́	1
tsʼeltsʼún	1
tsʼeldélaze	1
tsʼekwı	1
tsʼedısı́	1
tsʼedél	1
tsʼaskedhe	1
tsʼa	1
tsı̨	1
tsı́s	1
tsı́dé	1
tsıʼdhër	1
tsıléjér	1
tsıe	1
tsułtë́n	1
tsulettené	1
tsóghe	1
tsę́de	1
tséłtwı	1
tsełaze	1
tsezé	1
tses	1
tsen	1
tselʼı̨	1
tselaze	1
tsel	1
tsą́łcho	1
tsąłxen	1
tsąltthogh	1
tsąkʼanı	1
tsądare	1
tsąbaú	1
tsátué	1
tsáné	1
tsálé	1
tsákʼáne	1
tsákaʼnı	1
tsagh	1
ts	1
togh	1
tlʼǫkı̨	1
tlʼës	1
tlʼá	1
tlezé	1
thʼı	1
thı̨zé-u	1
thı́tʼa	1
thıłtsı̨	1
thıłkʼéthi	1
thıale	1
thën	1
théɂą́	1
thełtsı̨́	1
theyı̨ú	1
thetʼé	1
thetʼe-u	1
thettą	1
therı́le	1
thelttʼą	1
theltsı̨	1
theltsıaze	1
thelkı́	1
thel	1
thedaı́le	1
tháze	1
tháyle	1
tháy	1
thátʼın	1
thátthe	1
tháha	1
thaı́kél	1
thaıtʼeth	1
thaıle	1
thaıkel	1
thayú	1
thatʼın	1
tęn	1
tës	1
téu	1
tą́łtsıaze	1
tą́tʼerı	1
tąłtsıaze	1
táʼkálél	1
tátthe	1
tásıe	1
táré	1
tánéltʼe	1
tálausı	1
tábıł	1
tábąghé	1
tábąghe	1
taʼhų́tʼe	1
tałtı	1
tałts	1
taıle	1
tatʼı	1
tatʼesı́	1
tatłule	1
tatsʼë́nle	1
tasıe	1
tanı́s	1
tanıs	1
tanéltʼe	1
talthel	1
talásı́	1
talası́	1
taghé	1
tache	1
słı̨nı̨	1
słúnı̨́	1
sı̨́łthën	1
sı̨́ltı̨	1
sı̨ltsʼún	1
sıɂeenıldhen	1
sını́le	1
sını́e	1
sını́	1
sųłrı̨né	1
súrı̨dhër	1
súnı	1
súgháú	1
súdı́	1
suzan	1
sugánełtʼé	1
sugáneltʼé	1
suga	1
suéna	1
sudı-u	1
squırrel	1
sǫłıné	1
sǫná	1
sǫláne	1
sǫládhelkʼétadhel	1
sonıdhën	1
snıú	1
snı	1
slı̨nı̨	1
slını̨́	1
slını	1
shı́lyı	1
shúłyı	1
shęntʼa	1
shęn	1
shëth	1
shézı́lttıu	1
shézılttı	1
shétʼı̨́	1
shétsʼetı̨	1
shétsʼely	1
shéthcho	1
shénetı̨le	1
shénetı̨-a	1
shezettı̨	1
séɂeth	1
sérı̨tʼe	1
sérestʼe	1
séhał	1
sédezı́ldhën	1
sédel	1
seɂúl	1
seɂamá	1
sełɂı́kúe	1
sezaı	1
setʼą́łką	1
setʼąs	1
setłʼanelé	1
setłąghę	1
setthʼızeɂı́	1
settá	1
setsʼę́	1
setsǫaze	1
serı̨́lchu	1
serúłchu	1
senı̨́tı̨́	1
senı̨łɂı̨	1
senı́le	1
senı́	1
senıze	1
senúhłe	1
selgheth	1
sel	1
sekʼenı̨́tsʼë́r	1
sekuı́	1
sekétsʼë́l	1
seké	1
seghú	1
seghónédı́	1
seghethgór	1
seghayé	1
sedzaghé	1
sedézé	1
sechʼązı̨́	1
sebë́r	1
sąı́dhën	1
sąyı̨dhen	1
sątsáné	1
sąnádé	1
sádarédhër	1
sá	1
saı̨łchu	1
sayı̨zı̨	1
satsą́né	1
satsánéáze	1
satsáne	1
satsánáze	1
satsané	1
sastué	1
saskʼós	1
saskué	1
sasjı́	1
sarı́dı̨	1
sarı́dı	1
sanázedher	1
sanaıdher	1
sakʼą́s	1
sah	1
qhąnıąttą	1
qaıáze	1
nʼę́	1
nı̨́ɂa	1
nı̨́łtsʼës	1
nı̨́łe	1
nı̨́zı̨́tsą	1
nı̨́zęlye	1
nı̨́yazę́lttı	1
nı̨́yanélttı	1
nı̨́ya	1
nı̨́ú	1
nı̨́uneshe	1
nı̨́tʼaı	1
nı̨́ne	1
nı̨́lı̨́	1
nı̨́kı̨-u	1
nı̨́kerı̨́dher	1
nı̨́h	1
nı̨́dhı́l	1
nı̨́dhır	1
nı̨́dél	1
nı̨́atlezé	1
nı̨́-ú	1
nı̨ɂa	1
nı̨łtsʼıchogh	1
nı̨łtsʼıcho	1
nı̨ų́łtsını̨	1
nı̨tʼaı	1
nı̨ttąı	1
nı̨lı̨	1
nı̨lyı	1
nı̨ltı	1
nı̨kı́	1
nı̨jáı́le	1
nı̨dhá	1
nı̨dha	1
nı̨dé	1
nı̨daı	1
nı́ɂáı	1
nı́łxas	1
nı́łtthʼel	1
nı́łketh	1
nı́łghaz	1
nı́zıdélı	1
nı́yı́	1
nı́yé	1
nı́ya-a	1
nı́úłtsı̨nı	1
nı́úlchu	1
nı́rı́łɂı̨	1
nı́rı́lye	1
nı́lɂı̨́	1
nı́ltthʼél	1
nı́ltsıl	1
nı́ltsı	1
nı́kı̨	1
nı́huréya	1
nı́halye	1
nı́h	1
nı́ghą	1
nı́ghaı	1
nı́áger	1
nı́azı́	1
nı́atʼanazedı́l	1
nı́akʼérı̨́łı̨	1
nı́aghą	1
nı́ager	1
nıłtʼsı	1
nıłtsı	1
nıyul	1
nıyé	1
nıya	1
nısnı̨	1
nını́-u	1
nılyá	1
nılthı́th	1
nıdhıle	1
nıdé	1
náník	1
núnı̨dher	1
núnı́nı́	1
núnıdher	1
núhų́tʼaı	1
núhų́tʼa	1
nułtʼe	1
nułshıʼéth	1
nułshıgëné	1
nuzélɂı̨	1
nuwekuę́	1
nutthe	1
nutaghe	1
nunı́dhë́th	1
nunaghe	1
nume	1
nuljër	1
nukës	1
nukés	1
nuhenúnıłther	1
nughı́	1
nughé	1
nuéı́	1
nudaré	1
nǫ́shı	1
nóı́ɂáı	1
nóthër-a	1
nórı̨́ltser	1
nórı́łtser	1
nórılɂı̨	1
nórułɂı̨	1
nónasǫlá	1
nóhde-a	1
nołshıtʼéth	1
nołshıgëné	1
norı́duth	1
norésdlą	1
noreɂı̨	1
nę́	1
nęzǫı́le	1
nęnédh	1
nędı̨	1
néłtła-u	1
néłtthıthdené	1
néłtthıth	1
néłką	1
nétʼı̨́n	1
nétʼı̨	1
nésı̨́łtı́	1
néshúl	1
nélchá	1
néhdą	1
nédhëł	1
nébegha	1
né	1
neɂamá	1
nełtsı	1
nezǫ́	1
nezǫ-a	1
netʼı́	1
netthı́rı́tʼą	1
netsʼán	1
netsambá	1
neshe-a	1
nerı̨́ɂá	1
nerı́lye	1
nerves	1
nenı̨́	1
nenıze	1
nenékʼél	1
nenékʼé	1
nenédh	1
nenarı́tʼa-u	1
nenarı́tʼa	1
nelɂa	1
nelı̨́-u	1
nelı̨ı́	1
neltthı́th	1
nelghus	1
nelchʼoı	1
nelchʼo	1
nekı̨	1
neké	1
nekel	1
nejën	1
neghethgór	1
neghál	1
neghayé	1
negha	1
nedzıné	1
nedzaghé	1
nedha-a	1
nedha	1
nedézé	1
nedené	1
nedareazeú	1
nechʼązı̨́	1
nechële	1
necháıleazú	1
nechácho	1
nechaı́leaze	1
nebë́r	1
ną́hı̨ltʼe	1
ną́dé	1
nązętʼı	1
nątthe	1
nątsʼúré	1
nąrlılą	1
nąltthʼı	1
nąjúlé	1
nągı́ghe	1
nądezı̨́	1
náłyé	1
náłttenı	1
náłchʼu	1
náı̨́łnı́-a	1
náı̨́łnı́	1
náı̨ɂar	1
náı̨zás	1
náı́ɂáı	1
náı́łnı́	1
náı́ldıdh	1
náı́dıé	1
náıdı́e	1
názęlɂı́ú	1
názelye	1
názeltsı	1
názedél	1
názedé	1
náyerı́dı	1
náyałttı	1
náyattı́	1
náyalttı	1
náúréł	1
nátʼúzı́lye	1
nátʼsedé	1
nátʼáth	1
nátʼádh	1
nátı	1
nátté	1
nátsʼetsʼı́s	1
nátsʼedé	1
nátsedé	1
násınıkár	1
náster	1
násenıłtʼús	1
nárı̨de-u	1
nárę́tłʼą	1
nárelkʼą́ı	1
náredı́	1
náredhı́le	1
nárátthı	1
nárátté	1
nárátsër	1
náránı́	1
nánıltʼe	1
nánułtʼe	1
náneta	1
nánelɂı́	1
nánelye	1
náneltʼus	1
nánelgháıl	1
nánegha	1
nánaldá	1
nánadı́	1
nálzéú	1
náltłá	1
náltsıl	1
náltsı	1
náltlą́ú	1
náltlaú	1
nálná	1
nálgos	1
nálde	1
náláıldher	1
náké	1
nákeadhel	1
nájı́s	1
náhatʼa	1
náhatserı	1
nádı́kʼath	1
nádudhe	1
nádorı̨tʼáı́le	1
nádonélnı	1
náde-a	1
náde	1
nádáyattı	1
nádátheɂa	1
nádárelzus	1
nádarelttı́	1
nábel	1
nałyı	1
nałtsı	1
nałná	1
nałar	1
naı̨tʼé-u	1
naı̨dá-a	1
naı̨dá	1
naı́dıe	1
naısısłı́n	1
naısdá	1
naıkʼe	1
naıdısłı́n	1
naıdal	1
naıad	1
naı	1
nazetʼeth	1
nazegıth	1
nazedhër	1
nazą	1
naye	1
nayághé	1
naudél	1
nattı	1
natthı́rétʼą	1
natsʼı́dzı́s	1
nathı̨kú-u	1
natheɂá	1
nathetʼı	1
nathekı̨	1
nast	1
nasël	1
narı̨bąth	1
narułya	1
naréłkʼą	1
naréghëth	1
narelbąth	1
naregheth	1
nanı̨łtsel	1
nanéya	1
nanesɂı̨́	1
nanelɂı̨́	1
nalzé	1
nalze	1
nalúl	1
nalkaı	1
nalgoł	1
nalchédh	1
nalbąth	1
nakʼezeddhı	1
nakalɂı̨	1
najúlé	1
nahjáı́le	1
nahere	1
nagodh	1
naduth	1
nadlı̨	1
nadhųth	1
nadhudh	1
nadh	1
nadereze	1
nadal-u	1
nabı	1
n	1
málan	1
lı́marshı́	1
lı́kafı́	1
lıdı	1
lıbar	1
lų	1
lúáze	1
luyaghé	1
lé	1
leyén	1
lekąn	1
ldhër	1
lą́tʼe	1
lątʼı	1
lątʼe	1
látʼı	1
láhátʼı	1
láhátı̨́	1
lághé	1
ládı	1
latʼı̨	1
latʼéı	1
lası	1
lasą́	1
lasą	1
lareda	1
lare	1
lakú	1
laghe	1
ladahası́	1
kʼı́th	1
kʼı́lchʼúdh	1
kʼı́dhaze	1
kʼı́ddhaze	1
kʼıdestsëlé	1
kʼıchı	1
kʼıchelá	1
kʼuzé	1
kʼǫthër-u	1
kʼórushyá	1
kʼórełɂaı́le	1
kʼócheth	1
kʼoze	1
kʼozáze	1
kʼotʼáy	1
kʼorełyą	1
kʼéłnı́	1
kʼéyaghe	1
kʼétłʼa	1
kʼétadhel	1
kʼésnı	1
kʼérálnı́	1
kʼénı	1
kʼénéltʼeı́le	1
kʼédı̨adhelłǫ́ką	1
kʼédı̨adhel	1
kʼéda	1
kʼéchʼau	1
kʼéchı̨tła-u	1
kʼéchıłtła	1
kʼéchą́	1
kʼéanı́	1
kʼezı	1
kʼezeldél	1
kʼeyarı̨ttı	1
kʼethúłchʼul	1
kʼesnı́	1
kʼerelkʼą́	1
kʼenál	1
kʼenádher	1
kʼenaltsı	1
kʼedhı	1
kʼechu	1
kʼeaze	1
kʼeanı́	1
kʼą́n	1
kʼą́ą́tıle	1
kʼą́	1
kʼątʼıle	1
kʼáłdané	1
kʼáı́tel	1
kʼáı́láze	1
kʼáı́lá	1
kʼázé	1
kʼázeltsıl	1
kʼáze	1
kʼázadatłú	1
kʼátʼe	1
kʼásbatthë́n	1
kʼásbachogh	1
kʼáljene	1
kʼáldhërcho	1
kʼádëné	1
kʼaɂel	1
kʼałá	1
kʼaı̨kakuélą	1
kʼaıle	1
kʼazelnı́	1
kʼathı	1
kʼanıtsʼı̨	1
kʼadhı	1
kʼabı̨	1
kʼabı́dené	1
kʼabą́ghe	1
kı̨́ya	1
kı̨́	1
kı́n	1
kı́	1
kınıɂá	1
kınéné	1
kın	1
kų́ntúé	1
kų́n	1
kų́eú	1
kų̀eaze	1
kųé	1
kúlı́	1
kúé	1
kúdzı̨́	1
kuzı̨huhɂë́s	1
kuzı̨huhdél	1
kuwe	1
kuw	1
kutʼá	1
kue	1
kudare	1
kuchogh	1
kódh	1
kozı̨huhɂë́s	1
kozı̨huhdél	1
kozı̨gal	1
kozı̨	1
kotǫ́	1
kona	1
kluzı	1
kęn	1
kétsédı́l	1
kédząghe	1
keʼchʼa	1
keyé	1
keyaghé	1
ketʼą́łkı	1
keldelé	1
kel	1
kekál	1
kehoɂá	1
kedhaze	1
ką́nı́	1
kąghe	1
kąe	1
káı̨́shúl	1
káı́gúé	1
káų́tʼe	1
káré	1
káráze	1
kánetta	1
káhha	1
kaɂa	1
kayattı	1
katłule	1
kanı́s	1
kanıs	1
kaldher	1
kaketh	1
kache	1
kabı̨́ł	1
jı́scho	1
jı́ecogh	1
jı́echaze	1
juzı	1
jezús	1
jeré	1
jątsʼı̨	1
hı̨́yı̨́-u	1
hı̨́dı̨le	1
hı̨́	1
hı̨le	1
hı̨lá	1
hı́ɂa	1
hı́łdı́l	1
hı́łchu-a	1
hı́łch	1
hı́tʼıdh	1
hı́tʼaı́th	1
hı́tthʼı́	1
hı́náy	1
hı́ltʼus	1
hı́lghazú	1
hı́lghaz	1
hı́le	1
hų́tłʼédhe	1
hų́tłédhé	1
hų́lı́	1
hų́lı	1
hų́dı̨́	1
hųłı̨	1
hųłtá	1
hųzǫ́	1
hųzeltten	1
hųyąú	1
hųyaı́le	1
hųnı̨dhen	1
hųnéddhen	1
hųnejer	1
hųlı	1
hųkaze	1
hųdokʼe	1
hųdher	1
hųdaghé	1
hųdaghe	1
húɂa	1
húłtsı	1
hútʼé	1
hútʼe	1
hútłʼı́r	1
hútlʼı́r	1
hútlıı́	1
hútchʼel	1
húrutʼı̨	1
húretʼı̨́łe	1
húretʼı̨łe	1
húretʼı̨	1
húrenı	1
húnı́dhır	1
húnıle	1
húneltten	1
húneltte	1
húná	1
hún	1
húlchó	1
húdzı́	1
húdzáı	1
húdzay	1
hułı̨	1
huzǫ	1
huzél	1
huyaıle	1
hutłʼédhé	1
huthı́łtsı̨	1
hurı̨kóth	1
hurı̨dáre	1
hurı̨	1
hurı́lɂı̨-u	1
hurétthagh	1
hurésɂı̨́le	1
hurélɂı̨	1
hurezur	1
huretłı́s	1
huretthogh	1
hurenur	1
hurelyúatʼa	1
hurelkʼal	1
hunı̨lá	1
hunı̨dhen	1
hunıye	1
hunıdhen	1
hunéłna	1
hunétta	1
hunéddhën	1
huneye	1
hune	1
hulı̨-a	1
hulı̨	1
hultthadh	1
hulttá	1
hukʼé	1
hukʼa	1
hugerkų́e	1
hudhı	1
huchelaı	1
hube	1
hǫ́yá	1
hǫ́tʼe-a	1
hǫ́tʼe	1
hǫłnı	1
hǫtʼı̨-u	1
hǫnenuı̨́	1
hǫlı̨́le	1
hǫlı̨	1
hótʼı̨́le	1
hoɂé	1
hozelɂı̨	1
hotʼá	1
hokʼos	1
hęlı̨́	1
hęlı̨le	1
hęlı	1
hęchez	1
héɂá	1
héɂa	1
hézelchëthkʼothchëth	1
hézedı́	1
hétsʼedı	1
hénáı̨́gëth	1
hénágëth	1
héná	1
hélı	1
hédëth	1
hédenıtı	1
hédázedı	1
hédárı̨dłı	1
hécheth	1
héchedhı	1
héchedh	1
heɂı̨	1
heɂúl	1
heɂáıl	1
heɂás	1
hełxélı	1
hełú	1
hełdzıł	1
hełdzılaze	1
heyąudhenı́	1
heyaųdhen	1
hetʼłʼél	1
hetʼı́le	1
hetłǫaze	1
hetłél	1
hettı̨́le	1
hetten	1
hethełkʼëth	1
hetéth	1
hetchez	1
hesɂı̨	1
heskënle	1
heskën	1
hesjën	1
heshı́l	1
hesdą	1
hesá	1
henelı̨	1
henádhër	1
helɂúl	1
helı	1
helzıl	1
helyúl	1
helyú	1
helye	1
helxı̨	1
helul	1
heltʼı	1
heltʼáıth	1
heltłagh	1
helttı	1
helttáł	1
heltsʼél	1
heltsı	1
helthetʼé	1
helnı	1
helgú	1
helghelú	1
hele	1
heldzıl	1
helályı́	1
hel	1
hekóth	1
hekéthle	1
hekal	1
heka	1
hejı	1
hejen	1
heh	1
hegór	1
heghą	1
hegédh	1
heges	1
hegádh	1
hegaı	1
hega	1
hedhel	1
hedél	1
hedes	1
heddhaʼth	1
hedázedlı	1
hedaharéką-u	1
hechez	1
hebetsʼı̨	1
hąstʼı̨́le	1
hąstʼı̨	1
háɂą-a	1
háɂa	1
háłı̨	1
háłye	1
háı́le	1
háųɂa	1
hátʼı̨	1
hátʼá	1
háshı́zegú	1
hárołtʼáth	1
hárelya	1
háreltʼúr	1
hárelttą	1
hárelką-u	1
hárelką	1
háneɂá	1
hánełtʼáth	1
hánetʼı̨́le	1
hánene	1
hánelɂeth	1
hánele	1
hánegha	1
hánedhé	1
hálı̨́	1
hálı	1
háltʼadhaze	1
háltʼadh	1
háltı̨	1
háltthʼër	1
hálne	1
háldedhı	1
háhatʼı̨́	1
hádhër	1
há	1
haɂą́nılthá	1
haɂą	1
haɂá	1
haɂaıłe	1
hałodesché	1
hałnıle	1
hazú	1
hazu	1
hazedılaze	1
haze	1
hayų́nı̨	1
hayú	1
hayǫ	1
haú	1
haudezęltten	1
hatʼı̨́	1
hatʼı́	1
hatʼı	1
hatʼeıle	1
hatłǫ	1
hatłés	1
hatthı̨́łɂa	1
hattetsʼı́laze	1
hattetsʼıłaze	1
hatsel	1
hatlʼés	1
haté	1
hasłını́	1
hasłrı̨nı̨	1
hasłé	1
hası́	1
hasnı	1
hasá	1
harǫłɂeth	1
harélyǫ́	1
harélyǫ	1
harel	1
hanıdhı̨́	1
hanetʼı̨-u	1
hanele	1
hanedı́	1
hanedhé	1
hamą	1
halɂı̨	1
halɂı	1
halɂaı	1
halı̨	1
halı	1
halkádh	1
halé	1
hal	1
hakʼós	1
hakʼélnı́	1
hajereu	1
haghǫ	1
haghozé	1
haghosé	1
hagalur	1
hadúwé	1
haduwéhılé-u	1
haduwé	1
hadé	1
hadá	1
haba	1
gze	1
guı	1
gué	1
gǫlagha	1
goıng	1
golą	1
ghı́	1
ghıé	1
ghı	1
ghú	1
ghel	1
ghe	1
ghą́ttı̨ę	1
ghą́le	1
ghą̀uzę́dı́	1
ghąurędzı́	1
ghąl	1
gháunıú	1
gháré	1
ghárekʼą	1
ghánıldhır	1
ghálye	1
ghálana	1
gharıtʼıdhu	1
ghanálya	1
ghaláda	1
ges	1
ger	1
gáré	1
gáné	1
gáh	1
gaı	1
gazı̨	1
gayé	1
ganéaze	1
gahchogh	1
gahcho	1
ę́	1
eɂłkʼıdhékuné	1
erehtłʼı́s	1
ekʼélnı́	1
e	1
dłatʼé	1
dı̨łttı	1
dı́tsʼáı́	1
dızı̨	1
dıtłı́zé	1
dıtthʼá	1
dınésddhër	1
dılna	1
dıkʼǫ	1
dzı̨́ghe	1
dzı̨́	1
dzı̨nedhé	1
dzı̨nedhe	1
dzı̨ke	1
dzı́nelɂı	1
dzıréldı́thr	1
dzıréldı́th	1
dzırégha	1
dzıketsʼedhı	1
dzıé	1
dzıchʼaı̨nı́	1
dzë́réłtʼı	1
dzë́ldesche	1
dzézedı́l	1
dzéyałrttı	1
dzérúneghaı	1
dzéréłuth	1
dzéréłtthı	1
dzérétʼaı	1
dzérélı	1
dzérély	1
dzérélgwı	1
dzérélbaıth	1
dzérékwı́th	1
dzéréhłʼés	1
dzérédıl	1
dzérédludh	1
dzérébı	1
dzéré	1
dzérą́ı̨łtʼı́	1
dzéneyu	1
dzén	1
dzéke	1
dzéchʼanı	1
dzeyełú	1
dzetʼa	1
dzeghé	1
dząghe	1
dzal	1
dzaghé	1
dųha	1
dų	1
dúwér	1
dúrızı̨	1
dúlé	1
dúéı́le	1
dú	1
duwe	1
durı	1
dǫ́	1
dǫdene	1
dǫdel	1
dorıshą	1
doresdzá	1
dokʼą	1
dltsér	1
dléze	1
dlá	1
dlaghé	1
dlaghe	1
dla	1
dhı́ye	1
dhë́th	1
dhéth	1
dhéhdı	1
dhédı	1
dheł	1
dheıł	1
dhelnóna	1
dhedh	1
dhe	1
dhayaze	1
dëchën	1
déʼs	1
déłttur	1
dézedı́	1
détʼús	1
déthestʼáth	1
désche	1
déresdı́	1
déné	1
délya	1
délël	1
dékʼą́n	1
dégheł	1
dédıl	1
dédoréłnı́	1
dédlı̨né	1
dédlıne	1
déddhen	1
deʼkán	1
deɂą́zı̨́	1
deɂą́zı̨	1
deɂą́s	1
deɂą́rı́łkóth	1
deɂáı̨łneth	1
deɂáı̨ł	1
deɂánéltʼe	1
deɂazı̨́	1
dełttho	1
dełkʼos	1
deyéldél	1
detʼus	1
detʼané	1
detłʼıs	1
detłës	1
detłaghé	1
dettą	1
detlʼı́s	1
desı́	1
desdelgaıı́	1
deschogh	1
descho	1
desché	1
deschené	1
desche	1
denı̨́ne	1
denı̨zı́	1
denı̨nı́e	1
denı̨nıe	1
denı̨nę́	1
denı̨né	1
denı̨lá	1
denı̨chʼéré	1
denı́eké	1
denıłtʼogh	1
denıtsʼıaze	1
denını́	1
denıle	1
denılá	1
denuzı́	1
denétthı́zúr	1
denétsʼúzé	1
denékuıdhë́th	1
denéká	1
denéghúgëth	1
denéchęn	1
denéchëth	1
deneł	1
deneyuazeu	1
denetthı́	1
denetsʼı̨	1
denetsʼı́	1
denela	1
denel	1
deneghú	1
delzın	1
delttur	1
deltsʼél	1
deltsʼegh	1
deltsʼágh	1
deltles	1
delgı	1
delghus	1
delger	1
delgay	1
delé	1
delbés	1
delaze	1
dekʼérı́ltłʼı́s	1
dekʼélye	1
dekʼéltı́	1
dekʼán	1
dekë́l	1
deká	1
dejúł	1
dehélá	1
deghël	1
degén	1
dedłı̨né	1
dedıl	1
dedané	1
dechęné	1
dechęn	1
dechënal	1
dechenaze	1
dechenal	1
dą́yı́né	1
dą́	1
dáɂełxal	1
dáı̨gha	1
dáı́tʼı̨	1
dáı́dlı̨	1
dáına	1
dáı	1
dáxárel	1
dáúrı́ltus	1
dáudı́	1
dáubınıé	1
dátʼú	1
dásenułɂı̨	1
dárı̨́tą	1
dárı̨tı̨́	1
dárı̨tą	1
dárı̨la	1
dárénką	1
dárékʼán	1
dárédzé	1
dánułjër	1
dánél	1
dánecháı́le	1
dánánıyé	1
dánadzus	1
dálɂá	1
dájen	1
dáhchenéae	1
dáháretʼath	1
dáh	1
dágháré	1
dágą	1
dága	1
dáélɂą	1
dádá	1
dáchenéaze	1
dałchúdh	1
daı́lú	1
dazı̨	1
dazeltłı	1
dazel	1
daxą	1
datła	1
datlagé	1
datla	1
datheltʼą	1
dathela	1
datheka	1
darı̨kı̨́	1
darıchʼudhú	1
daré	1
danetłı	1
dalɂa	1
dalatsʼus	1
dahłe	1
dahų́ɂa	1
dahúté	1
dahttı̨́	1
dahttúé	1
dahkuę́	1
dahdłú	1
dahdlú	1
dahdechen	1
dahą́bálé	1
dah	1
daghóré	1
daghe	1
daghár	1
daghá	1
dachené	1
dabąth	1
chʼı̨	1
chʼxałthër	1
chʼuł	1
chʼórelɂı̨́le	1
chʼórelɂı̨	1
chʼoghé	1
chʼëlé	1
chʼelé	1
chʼądı́é	1
chʼázıldhen	1
chʼáthádıaze	1
chʼárı́dhen	1
chʼánıé	1
chʼáhálther	1
chʼaxałthër	1
chʼatʼı̨́	1
chʼandı́e	1
chʼahatʼı	1
chúdhbekʼe	1
chutʼá	1
choı́le	1
choghı́le	1
choghka	1
cho-tha	1
chëthchogh	1
chëlé	1
chézelyı	1
chethıttıle	1
chelé	1
chel	1
chek	1
chątheda	1
chąlu	1
chąghe	1
chągháze	1
cháʼthádı	1
chaghé	1
canada	1
bı̨́lé	1
bı̨tʼazı̨	1
bı́tʼązı̨	1
bı́e	1
bıłyaı̨lé	1
bıtʼązı̨́	1
bıtʼás	1
bų́łdzá	1
búrı̨dhër	1
búretʼı̨ú	1
búretʼı̨	1
búrenı̨	1
búnı́dhır	1
burı́ł	1
bureł	1
bunı́lthen	1
bunıłthen	1
borédzá	1
boresdla	1
bohdél	1
béxël	1
bés	1
bérkátʼéth	1
bérkałtʼéth	1
bérgá	1
bénáges	1
bénatʼı́	1
bénatʼı	1
bélnı́	1
bélazedı́	1
békʼégës	1
békué	1
bédáyı̨́né	1
bédá	1
bébánaɂá	1
beɂúnélɂą	1
beɂą́zı̨́	1
beɂą́ne	1
beɂázı́	1
beɂamá	1
bełuttılé	1
bełnı	1
bezoghe	1
bezá	1
beyúé	1
beyurélnı	1
beyéldél	1
beyes	1
beyalttı	1
betʼsáné	1
betʼóreɂáı́le	1
betʼoréɂá	1
betʼoreɂá	1
betʼązı̨	1
betʼátʼı̨	1
betʼánetʼı̨	1
betłʼąghé	1
bettıkwı	1
betthʼı́	1
betthʼıná	1
betthʼu	1
betthéré	1
betthchëne	1
bettedheł	1
bette	1
bettané	1
betsʼonéjër	1
betsʼonejër	1
betsʼë́renıtʼá	1
betsʼésɂá	1
betsʼén	1
betsʼen	1
betsénánı́	1
betsén	1
betsel	1
betóʼré	1
besú	1
besl	1
besétsʼudı́	1
besdeałé	1
beschénéaze	1
bescheneaze	1
besáze	1
besadé	1
berıhtłı́sé	1
beru	1
berédzá	1
berelnı́l	1
beráyı̨	1
berata	1
benı̨́łnel	1
benı̨zı̨́	1
benı́łeʼ	1
benıredı́	1
benúhúł	1
benú	1
benuł	1
benuzı̨́	1
benuzél	1
benuhúłɂaıle	1
benué	1
benonı́	1
benésłı̨le	1
benené	1
benáre	1
benár	1
benádı̨́	1
benábı̨́	1
benaı́	1
benatʼı̨	1
bena	1
beldenéłxı̨	1
beląghe	1
bekʼı̨́łtʼı́	1
bekʼúduth	1
bekʼórútłʼı́s	1
bekʼóreshąı́le	1
bekʼoth	1
bekʼodh	1
bekʼérı̨́tłʼı́s	1
bekʼéanı́	1
bekʼerı̨kʼą	1
bekʼelnı	1
bekʼáųlı̨	1
bekʼákánı̨	1
bekúe	1
bekué	1
bekue	1
bekékʼe	1
beketeth	1
bekeoré	1
bejeru	1
bejee	1
behhá	1
behasłıné	1
begǫnédı	1
begǫnedı́	1
begónedı́	1
begháye	1
beghethgór	1
beghą́lchu	1
beghąyı́tı̨́	1
beghątʼáı	1
beghąnorı́yá	1
begháútʼa	1
begháunıle	1
beghárulttá	1
beghálchu	1
beghálare	1
beghaųnı̨	1
beghananı́	1
begąn	1
begaré	1
bedzıchogh	1
bedzıcho	1
bedené	1
bedee	1
bedą́rę́tʼaıl	1
bedárı̨́łdeth	1
bedaı́ɂané	1
bedayı́	1
bedaghá	1
bedagharé	1
bedaęką́	1
bechʼązı̨́	1
bechʼá	1
bechene	1
bechelekwıé	1
beaver	1
bą́laı	1
bątʼá	1
básnı	1
bárlá	1
báneon	1
bánanádhër	1
bále	1
bá	1
baı̨gal	1
basthı-le	1
banesłı	1
bal	1
bahadı	1
bagol	1
badı	1
badhedene	1
áze	1
ádé	1
ała	1
azé	1
ataıtcho	1
alyá	1
akaıtcho	1
ajá	1
